This is pdfTeX, Version 3.141592653-2.6-1.40.29 (MiKTeX 26.2) (preloaded format=pdflatex 2026.3.28)  20 MAY 2026 11:24
entering extended mode
 restricted \write18 enabled.
 %&-line parsing enabled.
**c:/latex/Rapport_pfe/Thesis-report.tex
(c:/latex/Rapport_pfe/Thesis-report.tex
LaTeX2e <2025-11-01>
L3 programming layer <2026-01-19>
(C:\Users\ouech\AppData\Local\Programs\MiKTeX\tex/latex/base\book.cls
Document Class: book 2025/01/22 v1.4n Standard LaTeX document class
(C:\Users\ouech\AppData\Local\Programs\MiKTeX\tex/latex/base\bk11.clo
File: bk11.clo 2025/01/22 v1.4n Standard LaTeX file (size option)
)
\c@part=\count275
\c@chapter=\count276
\c@section=\count277
\c@subsection=\count278
\c@subsubsection=\count279
\c@paragraph=\count280
\c@subparagraph=\count281
\c@figure=\count282
\c@table=\count283
\abovecaptionskip=\skip49
\belowcaptionskip=\skip50
\bibindent=\dimen148
)
(C:\Users\ouech\AppData\Local\Programs\MiKTeX\tex/latex/emptypage\emptypage.sty
Package: emptypage 2010/05/30 v1.2 Suppress page numbers and headings on empty 
pages
) (C:\Users\ouech\AppData\Local\Programs\MiKTeX\tex/latex/base\fontenc.sty
Package: fontenc 2025/07/18 v2.1d Standard LaTeX package
)
(C:\Users\ouech\AppData\Local\Programs\MiKTeX\tex/latex/tools\calc.sty
Package: calc 2025/03/01 v4.3b Infix arithmetic (KKT,FJ)
\calc@Acount=\count284
\calc@Bcount=\count285
\calc@Adimen=\dimen149
\calc@Bdimen=\dimen150
\calc@Askip=\skip51
\calc@Bskip=\skip52
LaTeX Info: Redefining \setlength on input line 86.
LaTeX Info: Redefining \addtolength on input line 87.
\calc@Ccount=\count286
\calc@Cskip=\skip53
)
(C:\Users\ouech\AppData\Local\Programs\MiKTeX\tex/latex/graphics\graphicx.sty
Package: graphicx 2024/12/31 v1.2e Enhanced LaTeX Graphics (DPC,SPQR)

(C:\Users\ouech\AppData\Local\Programs\MiKTeX\tex/latex/graphics\keyval.sty
Package: keyval 2022/05/29 v1.15 key=value parser (DPC)
\KV@toks@=\toks17
)
(C:\Users\ouech\AppData\Local\Programs\MiKTeX\tex/latex/graphics\graphics.sty
Package: graphics 2024/08/06 v1.4g Standard LaTeX Graphics (DPC,SPQR)

(C:\Users\ouech\AppData\Local\Programs\MiKTeX\tex/latex/graphics\trig.sty
Package: trig 2023/12/02 v1.11 sin cos tan (DPC)
)
(C:\Users\ouech\AppData\Local\Programs\MiKTeX\tex/latex/graphics-cfg\graphics.c
fg
File: graphics.cfg 2016/06/04 v1.11 sample graphics configuration
)
Package graphics Info: Driver file: pdftex.def on input line 106.

(C:\Users\ouech\AppData\Local\Programs\MiKTeX\tex/latex/graphics-def\pdftex.def
File: pdftex.def 2025/09/29 v1.2d Graphics/color driver for pdftex
))
\Gin@req@height=\dimen151
\Gin@req@width=\dimen152
) (C:\Users\ouech\AppData\Local\Programs\MiKTeX\tex/latex/amsmath\amsmath.sty
Package: amsmath 2025/07/09 v2.17z AMS math features
\@mathmargin=\skip54
For additional information on amsmath, use the `?' option.
(C:\Users\ouech\AppData\Local\Programs\MiKTeX\tex/latex/amsmath\amstext.sty
Package: amstext 2024/11/17 v2.01 AMS text

(C:\Users\ouech\AppData\Local\Programs\MiKTeX\tex/latex/amsmath\amsgen.sty
File: amsgen.sty 1999/11/30 v2.0 generic functions
\@emptytoks=\toks18
\ex@=\dimen153
))
(C:\Users\ouech\AppData\Local\Programs\MiKTeX\tex/latex/amsmath\amsbsy.sty
Package: amsbsy 1999/11/29 v1.2d Bold Symbols
\pmbraise@=\dimen154
)
(C:\Users\ouech\AppData\Local\Programs\MiKTeX\tex/latex/amsmath\amsopn.sty
Package: amsopn 2022/04/08 v2.04 operator names
)
\inf@bad=\count287
LaTeX Info: Redefining \frac on input line 233.
\uproot@=\count288
\leftroot@=\count289
LaTeX Info: Redefining \overline on input line 398.
LaTeX Info: Redefining \colon on input line 409.
\classnum@=\count290
\DOTSCASE@=\count291
LaTeX Info: Redefining \ldots on input line 495.
LaTeX Info: Redefining \dots on input line 498.
LaTeX Info: Redefining \cdots on input line 619.
\Mathstrutbox@=\box53
\strutbox@=\box54
LaTeX Info: Redefining \big on input line 721.
LaTeX Info: Redefining \Big on input line 722.
LaTeX Info: Redefining \bigg on input line 723.
LaTeX Info: Redefining \Bigg on input line 724.
\big@size=\dimen155
LaTeX Font Info:    Redeclaring font encoding OML on input line 742.
LaTeX Font Info:    Redeclaring font encoding OMS on input line 743.
\macc@depth=\count292
LaTeX Info: Redefining \bmod on input line 904.
LaTeX Info: Redefining \pmod on input line 909.
LaTeX Info: Redefining \smash on input line 939.
LaTeX Info: Redefining \relbar on input line 969.
LaTeX Info: Redefining \Relbar on input line 970.
\c@MaxMatrixCols=\count293
\dotsspace@=\muskip17
\c@parentequation=\count294
\dspbrk@lvl=\count295
\tag@help=\toks19
\row@=\count296
\column@=\count297
\maxfields@=\count298
\andhelp@=\toks20
\eqnshift@=\dimen156
\alignsep@=\dimen157
\tagshift@=\dimen158
\tagwidth@=\dimen159
\totwidth@=\dimen160
\lineht@=\dimen161
\@envbody=\toks21
\multlinegap=\skip55
\multlinetaggap=\skip56
\mathdisplay@stack=\toks22
LaTeX Info: Redefining \[ on input line 2950.
LaTeX Info: Redefining \] on input line 2951.
)
(overpic.sty
Package: overpic 1999/07/04 v0.52  Overwriting eps pictures

Package: overpic v0.52 <1999/07/04> (RN)
(C:\Users\ouech\AppData\Local\Programs\MiKTeX\tex/latex/eepic\epic.sty
Enhancements to Picture Environment. Version 1.2 - Released June 1, 1986
\@@multicnt=\count299
\d@lta=\count300
\@delta=\dimen162
\@@delta=\dimen163
\@gridcnt=\count301
\@joinkind=\count302
\@dotgap=\dimen164
\@ddotgap=\dimen165
\@x@diff=\count303
\@y@diff=\count304
\x@diff=\dimen166
\y@diff=\dimen167
\@dotbox=\box55
\num@segments=\count305
\num@segmentsi=\count306
\@datafile=\read2
)
overpic: relative positioning in percent
) (C:\Users\ouech\AppData\Local\Programs\MiKTeX\tex/latex/graphics\color.sty
Package: color 2025/01/14 v1.3e Standard LaTeX Color (DPC)

(C:\Users\ouech\AppData\Local\Programs\MiKTeX\tex/latex/graphics-cfg\color.cfg
File: color.cfg 2016/01/02 v1.6 sample color configuration
)
Package color Info: Driver file: pdftex.def on input line 149.
(C:\Users\ouech\AppData\Local\Programs\MiKTeX\tex/latex/graphics\mathcolor.ltx)
) (C:\Users\ouech\AppData\Local\Programs\MiKTeX\tex/generic/dvips\rotate.sty
\@rotdimen=\dimen168
\@rotbox=\box56
)
(C:\Users\ouech\AppData\Local\Programs\MiKTeX\tex/latex/graphics\epsfig.sty
Package: epsfig 2024/01/14 v1.7b (e)psfig emulation (SPQR)
\epsfxsize=\dimen169
\epsfysize=\dimen170
)
(C:\Users\ouech\AppData\Local\Programs\MiKTeX\tex/latex/multirow\multirow.sty
Package: multirow 2024/11/12 v2.9 Span multiple rows of a table
\multirow@colwidth=\skip57
\multirow@cntb=\count307
\multirow@dima=\skip58
\bigstrutjot=\dimen171
)
(C:\Users\ouech\AppData\Local\Programs\MiKTeX\tex/latex/caption\caption.sty
Package: caption 2023/08/05 v3.6o Customizing captions (AR)

(C:\Users\ouech\AppData\Local\Programs\MiKTeX\tex/latex/caption\caption3.sty
Package: caption3 2023/07/31 v2.4d caption3 kernel (AR)
\caption@tempdima=\dimen172
\captionmargin=\dimen173
\caption@leftmargin=\dimen174
\caption@rightmargin=\dimen175
\caption@width=\dimen176
\caption@indent=\dimen177
\caption@parindent=\dimen178
\caption@hangindent=\dimen179
Package caption Info: Standard document class detected.
)
\c@caption@flags=\count308
\c@continuedfloat=\count309
)
(mychapter.sty
Redefining defaults from book.cls in MyMacros.sty!

) (mymacros.sty
Style-File: MyMacros v1.2 <2000/10/02>

\c@theorem=\count310
\c@lemma=\count311
\c@corollary=\count312
\c@definition=\count313
\c@Prop=\count314
\c@Proof=\count315
\c@Corol=\count316
(C:\Users\ouech\AppData\Local\Programs\MiKTeX\tex/latex/tools\verbatim.sty
Package: verbatim 2024-01-22 v1.5x LaTeX2e package for verbatim enhancements
\every@verbatim=\toks23
\verbatim@line=\toks24
\verbatim@in@stream=\read3
)
\algobox=\box57
\algolength=\skip59
\c@exmpl=\count317

(pifont.sty
Package: pifont 1998/01/07 PSNFSS v.7 Pi font support : S Rahtz
LaTeX Font Info:    Trying to load font information for U+pzd on input line 59.


(C:\Users\ouech\AppData\Local\Programs\MiKTeX\tex/latex/psnfss\upzd.fd
File: upzd.fd 2001/06/04 font definitions for U/pzd.
)
LaTeX Font Info:    Trying to load font information for U+psy on input line 60.


(C:\Users\ouech\AppData\Local\Programs\MiKTeX\tex/latex/psnfss\upsy.fd
File: upsy.fd 2001/06/04 font definitions for U/psy.
))
\myfigrule=\box58
)
(C:\Users\ouech\AppData\Local\Programs\MiKTeX\tex/latex/base\makeidx.sty
Package: makeidx 2021/10/04 v1.0m Standard LaTeX package
)
(C:\Users\ouech\AppData\Local\Programs\MiKTeX\tex/generic/babel\babel.sty
Package: babel 2026/03/08 v26.4 The multilingual framework for LuaLaTeX, pdfLaT
eX and XeLaTeX
\babel@savecnt=\count318
LaTeX Encoding Info:    Redeclaring text command \ij (encoding OT1) on input li
ne 2078.
LaTeX Encoding Info:    Redeclaring text command \IJ (encoding OT1) on input li
ne 2080.
LaTeX Encoding Info:    Redeclaring text command \ij (encoding T1) on input lin
e 2082.
LaTeX Encoding Info:    Redeclaring text command \IJ (encoding T1) on input lin
e 2083.
LaTeX Encoding Info:    Ignoring declaration for text command \ij (encoding ?) 
on input line 2084.
LaTeX Encoding Info:    Ignoring declaration for text command \IJ (encoding ?) 
on input line 2086.
LaTeX Encoding Info:    Ignoring declaration for text command \SS (encoding ?) 
on input line 2111.
\U@D=\dimen180
\l@unhyphenated=\language79

(C:\Users\ouech\AppData\Local\Programs\MiKTeX\tex/generic/babel\txtbabel.def)
\bbl@readstream=\read4
\bbl@dirlevel=\count319
Package babel Info: Configuration files are deprecated, as
(babel)             they can break document portability.
(babel)             Reported on input line 4206.

*************************************
* Local config file bblopts.cfg used
*
(C:\Users\ouech\AppData\Local\Programs\MiKTeX\tex/latex/arabi\bblopts.cfg
File: bblopts.cfg 2005/09/08 v0.1 add Arabic and Farsi to "declared" options of
 babel
)
(C:\Users\ouech\AppData\Local\Programs\MiKTeX\tex/generic/babel/locale/fr\babel
-french.tex)
Package babel Info: Importing font and identification data for french
(babel)             from babel-fr.ini. Reported on input line 4330.

(C:\Users\ouech\AppData\Local\Programs\MiKTeX\tex/generic/babel-french\french.l
df
Language: french 2025-08-15 v4.0e French support from the babel system

(C:\Users\ouech\AppData\Local\Programs\MiKTeX\tex/generic/babel-french\french3.
ldf
Language: french 2025-08-15 v3.7e French support from the babel system
\FB@stdchar=\count320
Package babel Info: Making : an active character on input line 273.
Package babel Info: Making ; an active character on input line 274.
Package babel Info: Making ! an active character on input line 275.
Package babel Info: Making ? an active character on input line 276.
\FBguill@level=\count321
\FBold@everypar=\toks25
\FB@Mht=\dimen181
\mc@charclass=\count322
\mc@charfam=\count323
\mc@charslot=\count324
\std@mcc=\count325
\dec@mcc=\count326
\FB@pardim=\dimen182
\listindentFB=\dimen183
\descindentFB=\dimen184
\labelindentFB=\dimen185
\labelwidthFB=\dimen186
\leftmarginFB=\dimen187
\parindentFFN=\dimen188
\FBfnindent=\dimen189
)))
(C:\Users\ouech\AppData\Local\Programs\MiKTeX\tex/latex/carlisle\scalefnt.sty)
(C:\Users\ouech\AppData\Local\Programs\MiKTeX\tex/latex/fncychap\fncychap.sty
Package: fncychap 2007/07/30 v1.34 LaTeX package (Revised chapters)
\RW=\skip60
\mylen=\skip61
\myhi=\skip62
\px=\skip63
\py=\skip64
\pyy=\skip65
\pxx=\skip66
)
(C:\Users\ouech\AppData\Local\Programs\MiKTeX\tex/latex/pdfpages\pdfpages.sty
Package: pdfpages 2025/07/23 v0.6g Insert pages of external PDF documents (AM)

(C:\Users\ouech\AppData\Local\Programs\MiKTeX\tex/latex/base\ifthen.sty
Package: ifthen 2024/03/16 v1.1e Standard LaTeX ifthen package (DPC)
)
(C:\Users\ouech\AppData\Local\Programs\MiKTeX\tex/latex/eso-pic\eso-pic.sty
Package: eso-pic 2025/12/10 v3.0d eso-pic (RN)
\ESO@tempdima=\dimen190
\ESO@tempdimb=\dimen191
)
(C:\Users\ouech\AppData\Local\Programs\MiKTeX\tex/latex/etoolbox\etoolbox.sty
Package: etoolbox 2025/10/02 v2.5m e-TeX tools for LaTeX (JAW)
\etb@tempcnta=\count327
)
\AM@pagewidth=\dimen192
\AM@pageheight=\dimen193
\AM@fboxrule=\dimen194

(C:\Users\ouech\AppData\Local\Programs\MiKTeX\tex/latex/pdfpages\pppdftex.def
File: pppdftex.def 2025/07/23 v0.6g Pdfpages driver for pdfTeX (AM)
)
\pdfpages@includegraphics@status=\count328
\AM@pagebox=\box59
\AM@global@opts=\toks26
\AM@pagecnt=\count329
\AM@toc@title=\toks27
\AM@lof@heading=\toks28
\c@AM@survey=\count330
\AM@templatesizebox=\box60
) (C:\Users\ouech\AppData\Local\Programs\MiKTeX\tex/latex/graphics\lscape.sty
Package: lscape 2020/05/28 v3.02 Landscape Pages (DPC)
)
(PhS_Header.tex (PhS_Goodies.sty
\circleheight=\skip67
)
(C:\Users\ouech\AppData\Local\Programs\MiKTeX\tex/latex/base\latexsym.sty
Package: latexsym 1998/08/17 v2.2e Standard LaTeX package (lasy symbols)
\symlasy=\mathgroup4
LaTeX Font Info:    Overwriting symbol font `lasy' in version `bold'
(Font)                  U/lasy/m/n --> U/lasy/b/n on input line 52.
)
(C:\Users\ouech\AppData\Local\Programs\MiKTeX\tex/latex/amsfonts\amssymb.sty
Package: amssymb 2013/01/14 v3.01 AMS font symbols

(C:\Users\ouech\AppData\Local\Programs\MiKTeX\tex/latex/amsfonts\amsfonts.sty
Package: amsfonts 2013/01/14 v3.01 Basic AMSFonts support
\symAMSa=\mathgroup5
\symAMSb=\mathgroup6
LaTeX Font Info:    Redeclaring math symbol \hbar on input line 98.
LaTeX Font Info:    Overwriting math alphabet `\mathfrak' in version `bold'
(Font)                  U/euf/m/n --> U/euf/b/n on input line 106.
)) (C:\Users\ouech\AppData\Local\Programs\MiKTeX\tex/latex/amsfonts\euscript.st
y
Package: euscript 2009/06/22 v3.00 Euler Script fonts
LaTeX Font Info:    Overwriting math alphabet `\EuScript' in version `bold'
(Font)                  U/eus/m/n --> U/eus/b/n on input line 33.
) (C:\Users\ouech\AppData\Local\Programs\MiKTeX\tex/latex/amsfonts\eufrak.sty

Package eufrak Warning: The eufrak package is redundant if the amsfonts package
 is used on input line 35.

) (C:\Users\ouech\AppData\Local\Programs\MiKTeX\tex/latex/tools\array.sty
Package: array 2025/09/25 v2.6n Tabular extension package (FMi)
\col@sep=\dimen195
\ar@mcellbox=\box61
\extrarowheight=\dimen196
\NC@list=\toks29
\extratabsurround=\skip68
\backup@length=\skip69
\ar@cellbox=\box62
)
\c@parnum=\count331
\@indexfile=\write3
\openout3 = `Thesis-report.idx'.


Writing index file Thesis-report.idx
(PhSAbbreviations.sty)
\c@axiom=\count332
\c@proposition=\count333
\c@examplenum=\count334
)
(C:\Users\ouech\AppData\Local\Programs\MiKTeX\tex/latex/ragged2e\ragged2e.sty
Package: ragged2e 2023/06/22 v3.6 ragged2e Package
\CenteringLeftskip=\skip70
\RaggedLeftLeftskip=\skip71
\RaggedRightLeftskip=\skip72
\CenteringRightskip=\skip73
\RaggedLeftRightskip=\skip74
\RaggedRightRightskip=\skip75
\CenteringParfillskip=\skip76
\RaggedLeftParfillskip=\skip77
\RaggedRightParfillskip=\skip78
\JustifyingParfillskip=\skip79
\CenteringParindent=\skip80
\RaggedLeftParindent=\skip81
\RaggedRightParindent=\skip82
\JustifyingParindent=\skip83
)
(C:\Users\ouech\AppData\Local\Programs\MiKTeX\tex/latex/float\float.sty
Package: float 2001/11/08 v1.3d Float enhancements (AL)
\c@float@type=\count335
\float@exts=\toks30
\float@box=\box63
\@float@everytoks=\toks31
\@floatcapt=\box64
)
(algorithm.sty
Package: algorithm 2009/08/24 v0.1 Document Style `algorithm' - floating enviro
nment
\@float@every@algorithm=\toks32
\c@algorithm=\count336
)
(C:\Users\ouech\AppData\Local\Programs\MiKTeX\tex/latex/minitoc\minitoc.sty
Package: minitoc 2018/07/12 v62 Package minitoc

(C:\Users\ouech\AppData\Local\Programs\MiKTeX\tex/latex/minitoc\mtcmess.sty
Package: mtcmess 2006/03/14
)
Package minitoc Info: I0001
(minitoc)             *** minitoc package, version 62 ***.
\tf@mtc=\write4
\mtcindent=\skip84
\mtcskipamount=\skip85
Package minitoc Info: I0005
(minitoc)             compatible with hyperref.
Package minitoc Info: I0023
(minitoc)             part level macros available.
Package minitoc Info: I0003
(minitoc)             chapter level macros available.
\mtc@toks=\toks33
\mtc@strutbox=\box65
\mtc@hstrutbox=\box66
Package minitoc Info: I0002
(minitoc)             Autoconfiguration of extensions.
\openout4 = `Thesis-report.mtc0'.

\openout4 = `Thesis-report.mtc'.


(Thesis-report.mtc0)
Package minitoc Info: I0012
(minitoc)             Long extensions (Unix-like) will be used.
Package minitoc Info: I0031
(minitoc)             ==> this version is configured for UNIX-like 
(minitoc)                 (long extensions) file names.
\openout4 = `Thesis-report.mtc'.

\openout4 = `Thesis-report.mtc0'.

\c@mtc=\count337
\c@minitocdepth=\count338
\c@ptc=\count339
\c@parttocdepth=\count340
\ptcindent=\skip86
Package minitoc Info: I0010
(minitoc)             The english language is selected.
(minitoc)              on input line 4910.

(C:\Users\ouech\AppData\Local\Programs\MiKTeX\tex/latex/minitoc\english.mld
File: english.mld 2006/01/13
)
(C:\Users\ouech\AppData\Local\Programs\MiKTeX\tex/latex/minitoc\english.mld
File: english.mld 2006/01/13
))
Package minitoc Info: I0024
(minitoc)             PREPARING MINITOCS FROM Thesis-report.toc on input line 2
9.
Package minitoc Info: I0033
(minitoc)             Writing Thesis-report.mtc1.
\openout4 = `Thesis-report.mtc1'.

Package minitoc Info: I0033
(minitoc)             Writing Thesis-report.mtc2.
\openout4 = `Thesis-report.mtc2'.

Package minitoc Info: I0033
(minitoc)             Writing Thesis-report.mtc3.
\openout4 = `Thesis-report.mtc3'.

Package minitoc Info: I0033
(minitoc)             Writing Thesis-report.mtc4.
\openout4 = `Thesis-report.mtc4'.

Package minitoc Info: I0033
(minitoc)             Writing Thesis-report.mtc5.
\openout4 = `Thesis-report.mtc5'.

Package minitoc Info: I0033
(minitoc)             Writing Thesis-report.mtc6.
\openout4 = `Thesis-report.mtc6'.

Package minitoc Info: I0033
(minitoc)             Writing Thesis-report.mtc7.
\openout4 = `Thesis-report.mtc7'.

Package minitoc Info: I0033
(minitoc)             Writing Thesis-report.mtc8.
\openout4 = `Thesis-report.mtc8'.

Package minitoc Info: I0033
(minitoc)             Writing Thesis-report.mtc9.
\openout4 = `Thesis-report.mtc9'.

Package minitoc Info: I0033
(minitoc)             Writing Thesis-report.mtc10.
\openout4 = `Thesis-report.mtc10'.

Package minitoc Info: I0033
(minitoc)             Writing Thesis-report.mtc11.
\openout4 = `Thesis-report.mtc11'.


(C:\Users\ouech\AppData\Local\Programs\MiKTeX\tex/latex/enumitem\enumitem.sty
Package: enumitem 2025/02/06 v3.11 Customized lists
\labelindent=\skip87
\enit@outerparindent=\dimen197
\enit@toks=\toks34
\enit@inbox=\box67
\enit@count@id=\count341
\enitdp@description=\count342
)
(C:\Users\ouech\AppData\Local\Programs\MiKTeX\tex/latex/placeins\placeins.sty
Package: placeins 2005/04/18  v 2.2
)
(C:\Users\ouech\AppData\Local\Programs\MiKTeX\tex/latex/csquotes\csquotes.sty
Package: csquotes 2024-04-04 v5.2o context-sensitive quotations (JAW)
\csq@reset=\count343
\csq@gtype=\count344
\csq@glevel=\count345
\csq@qlevel=\count346
\csq@maxlvl=\count347
\csq@tshold=\count348
\csq@ltx@everypar=\toks35

(C:\Users\ouech\AppData\Local\Programs\MiKTeX\tex/latex/csquotes\csquotes.def
File: csquotes.def 2024-04-04 v5.2o csquotes generic definitions (JAW)
)
Package csquotes Info: Trying to load configuration file 'csquotes.cfg'...
Package csquotes Info: ... configuration file loaded successfully.

(C:\Users\ouech\AppData\Local\Programs\MiKTeX\tex/latex/csquotes\csquotes.cfg
File: csquotes.cfg 
)
Package csquotes Info: Option 'babel' depreciated.
(csquotes)             Using 'autostyle'.
Package csquotes Info: Enabling multilingual quotes.
) (C:\Users\ouech\AppData\Local\Programs\MiKTeX\tex/latex/setspace\setspace.sty
Package: setspace 2022/12/04 v6.7b set line spacing
)
(C:\Users\ouech\AppData\Local\Programs\MiKTeX\tex/latex/algorithmicx\algorithmi
cx.sty
Package: algorithmicx 2005/04/27 v1.2 Algorithmicx

Document Style algorithmicx 1.2 - a greatly improved `algorithmic' style
\c@ALG@line=\count349
\c@ALG@rem=\count350
\c@ALG@nested=\count351
\ALG@tlm=\skip88
\ALG@thistlm=\skip89
\c@ALG@Lnr=\count352
\c@ALG@blocknr=\count353
\c@ALG@storecount=\count354
\c@ALG@tmpcounter=\count355
\ALG@tmplength=\skip90
) (C:\Users\ouech\AppData\Local\Programs\MiKTeX\tex/latex/hyperref\hyperref.sty
Package: hyperref 2026-01-29 v7.01p Hypertext links for LaTeX
(C:\Users\ouech\AppData\Local\Programs\MiKTeX\tex/generic/iftex\iftex.sty
Package: iftex 2024/12/12 v1.0g TeX engine tests
)
(C:\Users\ouech\AppData\Local\Programs\MiKTeX\tex/latex/kvsetkeys\kvsetkeys.sty
Package: kvsetkeys 2022-10-05 v1.19 Key value parser (HO)
)
(C:\Users\ouech\AppData\Local\Programs\MiKTeX\tex/generic/kvdefinekeys\kvdefine
keys.sty
Package: kvdefinekeys 2019-12-19 v1.6 Define keys (HO)
)
(C:\Users\ouech\AppData\Local\Programs\MiKTeX\tex/generic/pdfescape\pdfescape.s
ty
Package: pdfescape 2019/12/09 v1.15 Implements pdfTeX's escape features (HO)

(C:\Users\ouech\AppData\Local\Programs\MiKTeX\tex/generic/ltxcmds\ltxcmds.sty
Package: ltxcmds 2023-12-04 v1.26 LaTeX kernel commands for general use (HO)
)
(C:\Users\ouech\AppData\Local\Programs\MiKTeX\tex/generic/pdftexcmds\pdftexcmds
.sty
Package: pdftexcmds 2020-06-27 v0.33 Utility functions of pdfTeX for LuaTeX (HO
)

(C:\Users\ouech\AppData\Local\Programs\MiKTeX\tex/generic/infwarerr\infwarerr.s
ty
Package: infwarerr 2019/12/03 v1.5 Providing info/warning/error messages (HO)
)
Package pdftexcmds Info: \pdf@primitive is available.
Package pdftexcmds Info: \pdf@ifprimitive is available.
Package pdftexcmds Info: \pdfdraftmode found.
))
(C:\Users\ouech\AppData\Local\Programs\MiKTeX\tex/latex/hycolor\hycolor.sty
Package: hycolor 2020-01-27 v1.10 Color options for hyperref/bookmark (HO)
)
(C:\Users\ouech\AppData\Local\Programs\MiKTeX\tex/latex/hyperref\nameref.sty
Package: nameref 2026-01-29 v2.58 Cross-referencing by name of section

(C:\Users\ouech\AppData\Local\Programs\MiKTeX\tex/latex/refcount\refcount.sty
Package: refcount 2019/12/15 v3.6 Data extraction from label references (HO)
)
(C:\Users\ouech\AppData\Local\Programs\MiKTeX\tex/generic/gettitlestring\gettit
lestring.sty
Package: gettitlestring 2019/12/15 v1.6 Cleanup title references (HO)

(C:\Users\ouech\AppData\Local\Programs\MiKTeX\tex/latex/kvoptions\kvoptions.sty
Package: kvoptions 2022-06-15 v3.15 Key value format for package options (HO)
))
\c@section@level=\count356
)
(C:\Users\ouech\AppData\Local\Programs\MiKTeX\tex/generic/stringenc\stringenc.s
ty
Package: stringenc 2019/11/29 v1.12 Convert strings between diff. encodings (HO
)
)
\@linkdim=\dimen198
\Hy@linkcounter=\count357
\Hy@pagecounter=\count358
 (C:\Users\ouech\AppData\Local\Programs\MiKTeX\tex/latex/hyperref\pd1enc.def
File: pd1enc.def 2026-01-29 v7.01p Hyperref: PDFDocEncoding definition (HO)
Now handling font encoding PD1 ...
... no UTF-8 mapping file for font encoding PD1
) (C:\Users\ouech\AppData\Local\Programs\MiKTeX\tex/generic/intcalc\intcalc.sty
Package: intcalc 2019/12/15 v1.3 Expandable calculations with integers (HO)
)
\Hy@SavedSpaceFactor=\count359
 (C:\Users\ouech\AppData\Local\Programs\MiKTeX\tex/latex/hyperref\puenc.def
File: puenc.def 2026-01-29 v7.01p Hyperref: PDF Unicode definition (HO)
Now handling font encoding PU ...
... no UTF-8 mapping file for font encoding PU
)
Package hyperref Info: Hyper figures OFF on input line 4201.
Package hyperref Info: Link nesting OFF on input line 4206.
Package hyperref Info: Hyper index ON on input line 4209.
Package hyperref Info: Plain pages OFF on input line 4216.
Package hyperref Info: Backreferencing OFF on input line 4221.
Package hyperref Info: Implicit mode ON; LaTeX internals redefined.
Package hyperref Info: Bookmarks ON on input line 4468.
\c@Hy@tempcnt=\count360

(C:\Users\ouech\AppData\Local\Programs\MiKTeX\tex/latex/url\url.sty
\Urlmuskip=\muskip18
Package: url 2013/09/16  ver 3.4  Verb mode for urls, etc.
)
LaTeX Info: Redefining \url on input line 4807.
\XeTeXLinkMargin=\dimen199

(C:\Users\ouech\AppData\Local\Programs\MiKTeX\tex/generic/bitset\bitset.sty
Package: bitset 2019/12/09 v1.3 Handle bit-vector datatype (HO)

(C:\Users\ouech\AppData\Local\Programs\MiKTeX\tex/generic/bigintcalc\bigintcalc
.sty
Package: bigintcalc 2019/12/15 v1.5 Expandable calculations on big integers (HO
)
))
\Fld@menulength=\count361
\Field@Width=\dimen256
\Fld@charsize=\dimen257
Package hyperref Info: Hyper figures OFF on input line 6084.
Package hyperref Info: Link nesting OFF on input line 6089.
Package hyperref Info: Hyper index ON on input line 6092.
Package hyperref Info: backreferencing OFF on input line 6099.
Package hyperref Info: Link coloring OFF on input line 6104.
Package hyperref Info: Link coloring with OCG OFF on input line 6109.
Package hyperref Info: PDF/A mode OFF on input line 6114.
\Hy@abspage=\count362
\c@Item=\count363
\c@Hfootnote=\count364
)
Package hyperref Info: Driver (autodetected): hpdftex.

(C:\Users\ouech\AppData\Local\Programs\MiKTeX\tex/latex/hyperref\hpdftex.def
File: hpdftex.def 2026-01-29 v7.01p Hyperref driver for pdfTeX
\Fld@listcount=\count365
\c@bookmark@seq@number=\count366

(C:\Users\ouech\AppData\Local\Programs\MiKTeX\tex/latex/rerunfilecheck\rerunfil
echeck.sty
Package: rerunfilecheck 2025-06-21 v1.11 Rerun checks for auxiliary files (HO)

(C:\Users\ouech\AppData\Local\Programs\MiKTeX\tex/generic/uniquecounter\uniquec
ounter.sty
Package: uniquecounter 2019/12/15 v1.4 Provide unlimited unique counter (HO)
)
Package uniquecounter Info: New unique counter `rerunfilecheck' on input line 2
84.
)
\Hy@SectionHShift=\skip91
)
(C:\Users\ouech\AppData\Local\Programs\MiKTeX\tex/latex/algorithmicx\algpseudoc
ode.sty
Package: algpseudocode 

Document Style - pseudocode environments for use with the `algorithmicx' style
) (C:\Users\ouech\AppData\Local\Programs\MiKTeX\tex/latex/xcolor\xcolor.sty
Package: xcolor 2024/09/29 v3.02 LaTeX color extensions (UK)

(C:\Users\ouech\AppData\Local\Programs\MiKTeX\tex/latex/graphics-cfg\color.cfg
File: color.cfg 2016/01/02 v1.6 sample color configuration
)
Package xcolor Info: Driver file: pdftex.def on input line 274.
LaTeX Info: Redefining \color on input line 762.
(C:\Users\ouech\AppData\Local\Programs\MiKTeX\tex/latex/graphics\mathcolor.ltx)
Package xcolor Info: Model `cmy' substituted by `cmy0' on input line 1349.
Package xcolor Info: Model `hsb' substituted by `rgb' on input line 1353.
Package xcolor Info: Model `RGB' extended on input line 1365.
Package xcolor Info: Model `HTML' substituted by `rgb' on input line 1367.
Package xcolor Info: Model `Hsb' substituted by `hsb' on input line 1368.
Package xcolor Info: Model `tHsb' substituted by `hsb' on input line 1369.
Package xcolor Info: Model `HSB' substituted by `hsb' on input line 1370.
Package xcolor Info: Model `Gray' substituted by `gray' on input line 1371.
Package xcolor Info: Model `wave' substituted by `hsb' on input line 1372.
) (C:\Users\ouech\AppData\Local\Programs\MiKTeX\tex/latex/colortbl\colortbl.sty
Package: colortbl 2024/10/29 v1.0k Color table columns (DPC)
\everycr=\toks36
\minrowclearance=\skip92
\rownum=\count367
) (C:\Users\ouech\AppData\Local\Programs\MiKTeX\tex/latex/fancybox\fancybox.sty
Package: fancybox 2010/05/15 1.4
Style option: `fancybox' v1.4 <2010/05/15> (tvz)
\@fancybox=\box68
\shadowsize=\dimen258
\@Sbox=\box69
\do@VerbBox=\toks37
\the@fancyput=\toks38
\this@fancyput=\toks39
\EndVerbatimTokens=\toks40
\Verbatim@Outfile=\write5
\Verbatim@Infile=\read5
)
\c@exmp=\count368
 (C:\Users\ouech\AppData\Local\Programs\MiKTeX\tex/latex/booktabs\booktabs.sty
Package: booktabs 2020/01/12 v1.61803398 Publication quality tables
\heavyrulewidth=\dimen259
\lightrulewidth=\dimen260
\cmidrulewidth=\dimen261
\belowrulesep=\dimen262
\belowbottomsep=\dimen263
\aboverulesep=\dimen264
\abovetopsep=\dimen265
\cmidrulesep=\dimen266
\cmidrulekern=\dimen267
\defaultaddspace=\dimen268
\@cmidla=\count369
\@cmidlb=\count370
\@aboverulesep=\dimen269
\@belowrulesep=\dimen270
\@thisruleclass=\count371
\@lastruleclass=\count372
\@thisrulewidth=\dimen271
)
(C:\Users\ouech\AppData\Local\Programs\MiKTeX\tex/latex/tcolorbox\tcolorbox.sty
Package: tcolorbox 2025/11/28 version 6.9.0 text color boxes

(C:\Users\ouech\AppData\Local\Programs\MiKTeX\tex/latex/pgf/frontendlayer\tikz.
sty
(C:\Users\ouech\AppData\Local\Programs\MiKTeX\tex/latex/pgf/basiclayer\pgf.sty
(C:\Users\ouech\AppData\Local\Programs\MiKTeX\tex/latex/pgf/utilities\pgfrcs.st
y
(C:\Users\ouech\AppData\Local\Programs\MiKTeX\tex/generic/pgf/utilities\pgfutil
-common.tex
\pgfutil@everybye=\toks41
\pgfutil@tempdima=\dimen272
\pgfutil@tempdimb=\dimen273
)
(C:\Users\ouech\AppData\Local\Programs\MiKTeX\tex/generic/pgf/utilities\pgfutil
-latex.def
\pgfutil@abb=\box70
)
(C:\Users\ouech\AppData\Local\Programs\MiKTeX\tex/generic/pgf/utilities\pgfrcs.
code.tex
(C:\Users\ouech\AppData\Local\Programs\MiKTeX\tex/generic/pgf\pgf.revision.tex)
Package: pgfrcs 2025-08-29 v3.1.11a (3.1.11a)
))
Package: pgf 2025-08-29 v3.1.11a (3.1.11a)

(C:\Users\ouech\AppData\Local\Programs\MiKTeX\tex/latex/pgf/basiclayer\pgfcore.
sty
(C:\Users\ouech\AppData\Local\Programs\MiKTeX\tex/latex/pgf/systemlayer\pgfsys.
sty
(C:\Users\ouech\AppData\Local\Programs\MiKTeX\tex/generic/pgf/systemlayer\pgfsy
s.code.tex
Package: pgfsys 2025-08-29 v3.1.11a (3.1.11a)

(C:\Users\ouech\AppData\Local\Programs\MiKTeX\tex/generic/pgf/utilities\pgfkeys
.code.tex
\pgfkeys@pathtoks=\toks42
\pgfkeys@temptoks=\toks43

(C:\Users\ouech\AppData\Local\Programs\MiKTeX\tex/generic/pgf/utilities\pgfkeys
libraryfiltered.code.tex
\pgfkeys@tmptoks=\toks44
))
\pgf@x=\dimen274
\pgf@y=\dimen275
\pgf@xa=\dimen276
\pgf@ya=\dimen277
\pgf@xb=\dimen278
\pgf@yb=\dimen279
\pgf@xc=\dimen280
\pgf@yc=\dimen281
\pgf@xd=\dimen282
\pgf@yd=\dimen283
\w@pgf@writea=\write6
\r@pgf@reada=\read6
\c@pgf@counta=\count373
\c@pgf@countb=\count374
\c@pgf@countc=\count375
\c@pgf@countd=\count376
\t@pgf@toka=\toks45
\t@pgf@tokb=\toks46
\t@pgf@tokc=\toks47
\pgf@sys@id@count=\count377

(C:\Users\ouech\AppData\Local\Programs\MiKTeX\tex/generic/pgf/systemlayer\pgf.c
fg
File: pgf.cfg 2025-08-29 v3.1.11a (3.1.11a)
)
Driver file for pgf: pgfsys-pdftex.def

(C:\Users\ouech\AppData\Local\Programs\MiKTeX\tex/generic/pgf/systemlayer\pgfsy
s-pdftex.def
File: pgfsys-pdftex.def 2025-08-29 v3.1.11a (3.1.11a)

(C:\Users\ouech\AppData\Local\Programs\MiKTeX\tex/generic/pgf/systemlayer\pgfsy
s-common-pdf.def
File: pgfsys-common-pdf.def 2025-08-29 v3.1.11a (3.1.11a)
)))
(C:\Users\ouech\AppData\Local\Programs\MiKTeX\tex/generic/pgf/systemlayer\pgfsy
ssoftpath.code.tex
File: pgfsyssoftpath.code.tex 2025-08-29 v3.1.11a (3.1.11a)
\pgfsyssoftpath@smallbuffer@items=\count378
\pgfsyssoftpath@bigbuffer@items=\count379
)
(C:\Users\ouech\AppData\Local\Programs\MiKTeX\tex/generic/pgf/systemlayer\pgfsy
sprotocol.code.tex
File: pgfsysprotocol.code.tex 2025-08-29 v3.1.11a (3.1.11a)
))
(C:\Users\ouech\AppData\Local\Programs\MiKTeX\tex/generic/pgf/basiclayer\pgfcor
e.code.tex
Package: pgfcore 2025-08-29 v3.1.11a (3.1.11a)

(C:\Users\ouech\AppData\Local\Programs\MiKTeX\tex/generic/pgf/math\pgfmath.code
.tex
(C:\Users\ouech\AppData\Local\Programs\MiKTeX\tex/generic/pgf/math\pgfmathutil.
code.tex)
(C:\Users\ouech\AppData\Local\Programs\MiKTeX\tex/generic/pgf/math\pgfmathparse
r.code.tex
\pgfmath@dimen=\dimen284
\pgfmath@count=\count380
\pgfmath@box=\box71
\pgfmath@toks=\toks48
\pgfmath@stack@operand=\toks49
\pgfmath@stack@operation=\toks50
)
(C:\Users\ouech\AppData\Local\Programs\MiKTeX\tex/generic/pgf/math\pgfmathfunct
ions.code.tex)
(C:\Users\ouech\AppData\Local\Programs\MiKTeX\tex/generic/pgf/math\pgfmathfunct
ions.basic.code.tex)
(C:\Users\ouech\AppData\Local\Programs\MiKTeX\tex/generic/pgf/math\pgfmathfunct
ions.trigonometric.code.tex)
(C:\Users\ouech\AppData\Local\Programs\MiKTeX\tex/generic/pgf/math\pgfmathfunct
ions.random.code.tex)
(C:\Users\ouech\AppData\Local\Programs\MiKTeX\tex/generic/pgf/math\pgfmathfunct
ions.comparison.code.tex)
(C:\Users\ouech\AppData\Local\Programs\MiKTeX\tex/generic/pgf/math\pgfmathfunct
ions.base.code.tex)
(C:\Users\ouech\AppData\Local\Programs\MiKTeX\tex/generic/pgf/math\pgfmathfunct
ions.round.code.tex)
(C:\Users\ouech\AppData\Local\Programs\MiKTeX\tex/generic/pgf/math\pgfmathfunct
ions.misc.code.tex)
(C:\Users\ouech\AppData\Local\Programs\MiKTeX\tex/generic/pgf/math\pgfmathfunct
ions.integerarithmetics.code.tex)
(C:\Users\ouech\AppData\Local\Programs\MiKTeX\tex/generic/pgf/math\pgfmathcalc.
code.tex)
(C:\Users\ouech\AppData\Local\Programs\MiKTeX\tex/generic/pgf/math\pgfmathfloat
.code.tex
\c@pgfmathroundto@lastzeros=\count381
))
(C:\Users\ouech\AppData\Local\Programs\MiKTeX\tex/generic/pgf/math\pgfint.code.
tex)
(C:\Users\ouech\AppData\Local\Programs\MiKTeX\tex/generic/pgf/basiclayer\pgfcor
epoints.code.tex
File: pgfcorepoints.code.tex 2025-08-29 v3.1.11a (3.1.11a)
\pgf@picminx=\dimen285
\pgf@picmaxx=\dimen286
\pgf@picminy=\dimen287
\pgf@picmaxy=\dimen288
\pgf@pathminx=\dimen289
\pgf@pathmaxx=\dimen290
\pgf@pathminy=\dimen291
\pgf@pathmaxy=\dimen292
\pgf@xx=\dimen293
\pgf@xy=\dimen294
\pgf@yx=\dimen295
\pgf@yy=\dimen296
\pgf@zx=\dimen297
\pgf@zy=\dimen298
)
(C:\Users\ouech\AppData\Local\Programs\MiKTeX\tex/generic/pgf/basiclayer\pgfcor
epathconstruct.code.tex
File: pgfcorepathconstruct.code.tex 2025-08-29 v3.1.11a (3.1.11a)
\pgf@path@lastx=\dimen299
\pgf@path@lasty=\dimen300
)
(C:\Users\ouech\AppData\Local\Programs\MiKTeX\tex/generic/pgf/basiclayer\pgfcor
epathusage.code.tex
File: pgfcorepathusage.code.tex 2025-08-29 v3.1.11a (3.1.11a)
\pgf@shorten@end@additional=\dimen301
\pgf@shorten@start@additional=\dimen302
)
(C:\Users\ouech\AppData\Local\Programs\MiKTeX\tex/generic/pgf/basiclayer\pgfcor
escopes.code.tex
File: pgfcorescopes.code.tex 2025-08-29 v3.1.11a (3.1.11a)
\pgfpic=\box72
\pgf@hbox=\box73
\pgf@layerbox@main=\box74
\pgf@picture@serial@count=\count382
)
(C:\Users\ouech\AppData\Local\Programs\MiKTeX\tex/generic/pgf/basiclayer\pgfcor
egraphicstate.code.tex
File: pgfcoregraphicstate.code.tex 2025-08-29 v3.1.11a (3.1.11a)
\pgflinewidth=\dimen303
)
(C:\Users\ouech\AppData\Local\Programs\MiKTeX\tex/generic/pgf/basiclayer\pgfcor
etransformations.code.tex
File: pgfcoretransformations.code.tex 2025-08-29 v3.1.11a (3.1.11a)
\pgf@pt@x=\dimen304
\pgf@pt@y=\dimen305
\pgf@pt@temp=\dimen306
)
(C:\Users\ouech\AppData\Local\Programs\MiKTeX\tex/generic/pgf/basiclayer\pgfcor
equick.code.tex
File: pgfcorequick.code.tex 2025-08-29 v3.1.11a (3.1.11a)
)
(C:\Users\ouech\AppData\Local\Programs\MiKTeX\tex/generic/pgf/basiclayer\pgfcor
eobjects.code.tex
File: pgfcoreobjects.code.tex 2025-08-29 v3.1.11a (3.1.11a)
)
(C:\Users\ouech\AppData\Local\Programs\MiKTeX\tex/generic/pgf/basiclayer\pgfcor
epathprocessing.code.tex
File: pgfcorepathprocessing.code.tex 2025-08-29 v3.1.11a (3.1.11a)
)
(C:\Users\ouech\AppData\Local\Programs\MiKTeX\tex/generic/pgf/basiclayer\pgfcor
earrows.code.tex
File: pgfcorearrows.code.tex 2025-08-29 v3.1.11a (3.1.11a)
\pgfarrowsep=\dimen307
)
(C:\Users\ouech\AppData\Local\Programs\MiKTeX\tex/generic/pgf/basiclayer\pgfcor
eshade.code.tex
File: pgfcoreshade.code.tex 2025-08-29 v3.1.11a (3.1.11a)
\pgf@max=\dimen308
\pgf@sys@shading@range@num=\count383
\pgf@shadingcount=\count384
)
(C:\Users\ouech\AppData\Local\Programs\MiKTeX\tex/generic/pgf/basiclayer\pgfcor
eimage.code.tex
File: pgfcoreimage.code.tex 2025-08-29 v3.1.11a (3.1.11a)
)
(C:\Users\ouech\AppData\Local\Programs\MiKTeX\tex/generic/pgf/basiclayer\pgfcor
eexternal.code.tex
File: pgfcoreexternal.code.tex 2025-08-29 v3.1.11a (3.1.11a)
\pgfexternal@startupbox=\box75
)
(C:\Users\ouech\AppData\Local\Programs\MiKTeX\tex/generic/pgf/basiclayer\pgfcor
elayers.code.tex
File: pgfcorelayers.code.tex 2025-08-29 v3.1.11a (3.1.11a)
)
(C:\Users\ouech\AppData\Local\Programs\MiKTeX\tex/generic/pgf/basiclayer\pgfcor
etransparency.code.tex
File: pgfcoretransparency.code.tex 2025-08-29 v3.1.11a (3.1.11a)
)
(C:\Users\ouech\AppData\Local\Programs\MiKTeX\tex/generic/pgf/basiclayer\pgfcor
epatterns.code.tex
File: pgfcorepatterns.code.tex 2025-08-29 v3.1.11a (3.1.11a)
)
(C:\Users\ouech\AppData\Local\Programs\MiKTeX\tex/generic/pgf/basiclayer\pgfcor
erdf.code.tex
File: pgfcorerdf.code.tex 2025-08-29 v3.1.11a (3.1.11a)
)))
(C:\Users\ouech\AppData\Local\Programs\MiKTeX\tex/generic/pgf/modules\pgfmodule
shapes.code.tex
File: pgfmoduleshapes.code.tex 2025-08-29 v3.1.11a (3.1.11a)
\pgfnodeparttextbox=\box76
)
(C:\Users\ouech\AppData\Local\Programs\MiKTeX\tex/generic/pgf/modules\pgfmodule
plot.code.tex
File: pgfmoduleplot.code.tex 2025-08-29 v3.1.11a (3.1.11a)
)
(C:\Users\ouech\AppData\Local\Programs\MiKTeX\tex/latex/pgf/compatibility\pgfco
mp-version-0-65.sty
Package: pgfcomp-version-0-65 2025-08-29 v3.1.11a (3.1.11a)
\pgf@nodesepstart=\dimen309
\pgf@nodesepend=\dimen310
)
(C:\Users\ouech\AppData\Local\Programs\MiKTeX\tex/latex/pgf/compatibility\pgfco
mp-version-1-18.sty
Package: pgfcomp-version-1-18 2025-08-29 v3.1.11a (3.1.11a)
))
(C:\Users\ouech\AppData\Local\Programs\MiKTeX\tex/latex/pgf/utilities\pgffor.st
y
(C:\Users\ouech\AppData\Local\Programs\MiKTeX\tex/latex/pgf/utilities\pgfkeys.s
ty
(C:\Users\ouech\AppData\Local\Programs\MiKTeX\tex/generic/pgf/utilities\pgfkeys
.code.tex))
(C:\Users\ouech\AppData\Local\Programs\MiKTeX\tex/latex/pgf/math\pgfmath.sty
(C:\Users\ouech\AppData\Local\Programs\MiKTeX\tex/generic/pgf/math\pgfmath.code
.tex))
(C:\Users\ouech\AppData\Local\Programs\MiKTeX\tex/generic/pgf/utilities\pgffor.
code.tex
Package: pgffor 2025-08-29 v3.1.11a (3.1.11a)
\pgffor@iter=\dimen311
\pgffor@skip=\dimen312
\pgffor@stack=\toks51
\pgffor@toks=\toks52
))
(C:\Users\ouech\AppData\Local\Programs\MiKTeX\tex/generic/pgf/frontendlayer/tik
z\tikz.code.tex
Package: tikz 2025-08-29 v3.1.11a (3.1.11a)

(C:\Users\ouech\AppData\Local\Programs\MiKTeX\tex/generic/pgf/libraries\pgflibr
aryplothandlers.code.tex
File: pgflibraryplothandlers.code.tex 2025-08-29 v3.1.11a (3.1.11a)
\pgf@plot@mark@count=\count385
\pgfplotmarksize=\dimen313
)
\tikz@lastx=\dimen314
\tikz@lasty=\dimen315
\tikz@lastxsaved=\dimen316
\tikz@lastysaved=\dimen317
\tikz@lastmovetox=\dimen318
\tikz@lastmovetoy=\dimen319
\tikzleveldistance=\dimen320
\tikzsiblingdistance=\dimen321
\tikz@figbox=\box77
\tikz@figbox@bg=\box78
\tikz@tempbox=\box79
\tikz@tempbox@bg=\box80
\tikztreelevel=\count386
\tikznumberofchildren=\count387
\tikznumberofcurrentchild=\count388
\tikz@fig@count=\count389

(C:\Users\ouech\AppData\Local\Programs\MiKTeX\tex/generic/pgf/modules\pgfmodule
matrix.code.tex
File: pgfmodulematrix.code.tex 2025-08-29 v3.1.11a (3.1.11a)
\pgfmatrixcurrentrow=\count390
\pgfmatrixcurrentcolumn=\count391
\pgf@matrix@numberofcolumns=\count392
)
\tikz@expandcount=\count393

(C:\Users\ouech\AppData\Local\Programs\MiKTeX\tex/generic/pgf/frontendlayer/tik
z/libraries\tikzlibrarytopaths.code.tex
File: tikzlibrarytopaths.code.tex 2025-08-29 v3.1.11a (3.1.11a)
)))
(C:\Users\ouech\AppData\Local\Programs\MiKTeX\tex/latex/environ\environ.sty
Package: environ 2014/05/04 v0.3 A new way to define environments

(C:\Users\ouech\AppData\Local\Programs\MiKTeX\tex/latex/trimspaces\trimspaces.s
ty
Package: trimspaces 2009/09/17 v1.1 Trim spaces around a token list
))
\tcb@titlebox=\box81
\tcb@upperbox=\box82
\tcb@lowerbox=\box83
\tcb@phantombox=\box84
\c@tcbbreakpart=\count394
\c@tcblayer=\count395
\c@tcolorbox@number=\count396
\l__tcobox_tmpa_box=\box85
\l__tcobox_tmpa_dim=\dimen322
\tcb@temp=\box86
\tcb@temp=\box87
\tcb@temp=\box88
\tcb@temp=\box89
)
(C:\Users\ouech\AppData\Local\Programs\MiKTeX\tex/latex/tools\tabularx.sty
Package: tabularx 2023/12/11 v2.12a `tabularx' package (DPC)
\TX@col@width=\dimen323
\TX@old@table=\dimen324
\TX@old@col=\dimen325
\TX@target=\dimen326
\TX@delta=\dimen327
\TX@cols=\count397
\TX@ftn=\toks53
)
(C:\Users\ouech\AppData\Local\Programs\MiKTeX\tex/latex/geometry\geometry.sty
Package: geometry 2026/03/07 v6.0 Page Geometry

(C:\Users\ouech\AppData\Local\Programs\MiKTeX\tex/generic/iftex\ifvtex.sty
Package: ifvtex 2019/10/25 v1.7 ifvtex legacy package. Use iftex instead.
)
\Gm@cnth=\count398
\Gm@cntv=\count399
\c@Gm@tempcnt=\count400
\Gm@bindingoffset=\dimen328
\Gm@wd@mp=\dimen329
\Gm@odd@mp=\dimen330
\Gm@even@mp=\dimen331
\Gm@layoutwidth=\dimen332
\Gm@layoutheight=\dimen333
\Gm@layouthoffset=\dimen334
\Gm@layoutvoffset=\dimen335
\Gm@dimlist=\toks54

(C:\Users\ouech\AppData\Local\Programs\MiKTeX\tex/latex/geometry\geometry.cfg))
(C:\Users\ouech\AppData\Local\Programs\MiKTeX\tex/latex/tools\longtable.sty
Package: longtable 2025-10-13 v4.24 Multi-page Table package (DPC)
\LTleft=\skip93
\LTright=\skip94
\LTpre=\skip95
\LTpost=\skip96
\LTchunksize=\count401
\LTcapwidth=\dimen336
\LT@head=\box90
\LT@firsthead=\box91
\LT@foot=\box92
\LT@lastfoot=\box93
\LT@gbox=\box94
\LT@cols=\count402
\LT@rows=\count403
\c@LT@tables=\count404
\c@LT@chunks=\count405
\LT@p@ftn=\toks55
)
(C:\Users\ouech\AppData\Local\Programs\MiKTeX\tex/latex/biblatex\biblatex.sty
Package: biblatex 2025/07/10 v3.21 programmable bibliographies (PK/MW)

(C:\Users\ouech\AppData\Local\Programs\MiKTeX\tex/latex/logreq\logreq.sty
Package: logreq 2010/08/04 v1.0 xml request logger
\lrq@indent=\count406

(C:\Users\ouech\AppData\Local\Programs\MiKTeX\tex/latex/logreq\logreq.def
File: logreq.def 2010/08/04 v1.0 logreq spec v1.0
))
\c@tabx@nest=\count407
\c@listtotal=\count408
\c@listcount=\count409
\c@liststart=\count410
\c@liststop=\count411
\c@citecount=\count412
\c@citetotal=\count413
\c@multicitecount=\count414
\c@multicitetotal=\count415
\c@instcount=\count416
\c@maxnames=\count417
\c@minnames=\count418
\c@maxitems=\count419
\c@minitems=\count420
\c@citecounter=\count421
\c@maxcitecounter=\count422
\c@savedcitecounter=\count423
\c@uniquelist=\count424
\c@uniquename=\count425
\c@refsection=\count426
\c@refsegment=\count427
\c@maxextratitle=\count428
\c@maxextratitleyear=\count429
\c@maxextraname=\count430
\c@maxextradate=\count431
\c@maxextraalpha=\count432
\c@abbrvpenalty=\count433
\c@highnamepenalty=\count434
\c@lownamepenalty=\count435
\c@maxparens=\count436
\c@parenlevel=\count437
\blx@tempcnta=\count438
\blx@tempcntb=\count439
\blx@tempcntc=\count440
\c@blx@maxsection=\count441
\blx@maxsegment@0=\count442
\blx@notetype=\count443
\blx@parenlevel@text=\count444
\blx@parenlevel@foot=\count445
\blx@sectionciteorder@0=\count446
\blx@sectionciteorderinternal@0=\count447
\blx@entrysetcounter=\count448
\blx@biblioinstance=\count449
\labelnumberwidth=\skip97
\labelalphawidth=\skip98
\biblabelsep=\skip99
\bibitemsep=\skip100
\bibnamesep=\skip101
\bibinitsep=\skip102
\bibparsep=\skip103
\bibhang=\skip104
\blx@bcfin=\read7
\blx@bcfout=\write7
\blx@langwohyphens=\language80
\c@mincomprange=\count450
\c@maxcomprange=\count451
\c@mincompwidth=\count452
Package biblatex Info: Trying to load biblatex default data model...
Package biblatex Info: ... file 'blx-dm.def' found.

(C:\Users\ouech\AppData\Local\Programs\MiKTeX\tex/latex/biblatex\blx-dm.def
File: blx-dm.def 2025/07/10 v3.21 biblatex datamodel (PK/MW)
)
Package biblatex Info: Trying to load biblatex style data model...
Package biblatex Info: ... file 'numeric.dbx' not found.
Package biblatex Info: Trying to load biblatex custom data model...
Package biblatex Info: ... file 'biblatex-dm.cfg' not found.
\c@afterword=\count453
\c@savedafterword=\count454
\c@annotator=\count455
\c@savedannotator=\count456
\c@author=\count457
\c@savedauthor=\count458
\c@bookauthor=\count459
\c@savedbookauthor=\count460
\c@commentator=\count461
\c@savedcommentator=\count462
\c@editor=\count463
\c@savededitor=\count464
\c@editora=\count465
\c@savededitora=\count466
\c@editorb=\count467
\c@savededitorb=\count468
\c@editorc=\count469
\c@savededitorc=\count470
\c@foreword=\count471
\c@savedforeword=\count472
\c@holder=\count473
\c@savedholder=\count474
\c@introduction=\count475
\c@savedintroduction=\count476
\c@namea=\count477
\c@savednamea=\count478
\c@nameb=\count479
\c@savednameb=\count480
\c@namec=\count481
\c@savednamec=\count482
\c@translator=\count483
\c@savedtranslator=\count484
\c@shortauthor=\count485
\c@savedshortauthor=\count486
\c@shorteditor=\count487
\c@savedshorteditor=\count488
\c@labelname=\count489
\c@savedlabelname=\count490
\c@institution=\count491
\c@savedinstitution=\count492
\c@lista=\count493
\c@savedlista=\count494
\c@listb=\count495
\c@savedlistb=\count496
\c@listc=\count497
\c@savedlistc=\count498
\c@listd=\count499
\c@savedlistd=\count500
\c@liste=\count501
\c@savedliste=\count502
\c@listf=\count503
\c@savedlistf=\count504
\c@location=\count505
\c@savedlocation=\count506
\c@organization=\count507
\c@savedorganization=\count508
\c@origlocation=\count509
\c@savedoriglocation=\count510
\c@origpublisher=\count511
\c@savedorigpublisher=\count512
\c@publisher=\count513
\c@savedpublisher=\count514
\c@language=\count515
\c@savedlanguage=\count516
\c@origlanguage=\count517
\c@savedoriglanguage=\count518
\c@pageref=\count519
\c@savedpageref=\count520
\shorthandwidth=\skip105
\shortjournalwidth=\skip106
\shortserieswidth=\skip107
\shorttitlewidth=\skip108
\shortauthorwidth=\skip109
\shorteditorwidth=\skip110
\locallabelnumberwidth=\skip111
\locallabelalphawidth=\skip112
\localshorthandwidth=\skip113
\localshortjournalwidth=\skip114
\localshortserieswidth=\skip115
\localshorttitlewidth=\skip116
\localshortauthorwidth=\skip117
\localshorteditorwidth=\skip118
Package biblatex Info: Trying to load compatibility code...
Package biblatex Info: ... file 'blx-compat.def' found.

(C:\Users\ouech\AppData\Local\Programs\MiKTeX\tex/latex/biblatex\blx-compat.def
File: blx-compat.def 2025/07/10 v3.21 biblatex compatibility (PK/MW)
)
Package biblatex Info: Trying to load generic definitions...
Package biblatex Info: ... file 'biblatex.def' found.
 (C:\Users\ouech\AppData\Local\Programs\MiKTeX\tex/latex/biblatex\biblatex.def
File: biblatex.def 2025/07/10 v3.21 biblatex compatibility (PK/MW)
\c@textcitecount=\count521
\c@textcitetotal=\count522
\c@textcitemaxnames=\count523
\c@biburlbigbreakpenalty=\count524
\c@biburlbreakpenalty=\count525
\c@biburlnumpenalty=\count526
\c@biburlucpenalty=\count527
\c@biburllcpenalty=\count528
\biburlbigskip=\muskip19
\biburlnumskip=\muskip20
\biburlucskip=\muskip21
\biburllcskip=\muskip22
\c@smartand=\count529
)
Package biblatex Info: Trying to load bibliography style 'numeric'...
Package biblatex Info: ... file 'numeric.bbx' found.

(C:\Users\ouech\AppData\Local\Programs\MiKTeX\tex/latex/biblatex/bbx\numeric.bb
x
File: numeric.bbx 2025/07/10 v3.21 biblatex bibliography style (PK/MW)
Package biblatex Info: Trying to load bibliography style 'standard'...
Package biblatex Info: ... file 'standard.bbx' found.

(C:\Users\ouech\AppData\Local\Programs\MiKTeX\tex/latex/biblatex/bbx\standard.b
bx
File: standard.bbx 2025/07/10 v3.21 biblatex bibliography style (PK/MW)
\c@bbx:relatedcount=\count530
\c@bbx:relatedtotal=\count531
))
Package biblatex Info: Trying to load citation style 'numeric'...
Package biblatex Info: ... file 'numeric.cbx' found.

(C:\Users\ouech\AppData\Local\Programs\MiKTeX\tex/latex/biblatex/cbx\numeric.cb
x
File: numeric.cbx 2025/07/10 v3.21 biblatex citation style (PK/MW)
Package biblatex Info: Redefining '\cite'.
Package biblatex Info: Redefining '\parencite'.
Package biblatex Info: Redefining '\footcite'.
Package biblatex Info: Redefining '\footcitetext'.
Package biblatex Info: Redefining '\smartcite'.
Package biblatex Info: Redefining '\supercite'.
Package biblatex Info: Redefining '\textcite'.
Package biblatex Info: Redefining '\textcites'.
Package biblatex Info: Redefining '\cites'.
Package biblatex Info: Redefining '\parencites'.
Package biblatex Info: Redefining '\smartcites'.
)
Package biblatex Info: Trying to load configuration file...
Package biblatex Info: ... file 'biblatex.cfg' found.

(C:\Users\ouech\AppData\Local\Programs\MiKTeX\tex/latex/biblatex\biblatex.cfg
File: biblatex.cfg 
)
Package biblatex Info: Input encoding 'utf8' detected.
Package biblatex Info: Document encoding is UTF8 ....

(C:\Users\ouech\AppData\Local\Programs\MiKTeX\tex/latex/l3kernel\expl3.sty
Package: expl3 2026-01-19 L3 programming layer (loader) 

(C:\Users\ouech\AppData\Local\Programs\MiKTeX\tex/latex/l3backend\l3backend-pdf
tex.def
File: l3backend-pdftex.def 2025-10-09 L3 backend support: PDF output (pdfTeX)
\l__color_backend_stack_int=\count532
))
Package biblatex Info: ... and expl3
(biblatex)             2026-01-19 L3 programming layer (loader) 
(biblatex)             is new enough (at least 2020/04/06),
(biblatex)             setting 'casechanger=expl3'.

(C:\Users\ouech\AppData\Local\Programs\MiKTeX\tex/latex/biblatex\blx-case-expl3
.sty
(C:\Users\ouech\AppData\Local\Programs\MiKTeX\tex/latex/l3packages/xparse\xpars
e.sty
Package: xparse 2025-10-09 L3 Experimental document command parser
)
Package: blx-case-expl3 2025/07/10 v3.21 expl3 case changing code for biblatex
))
\longueurequation=\skip119
\longueurrestante=\skip120
Package french3.ldf Info: Setting StandardItemizeEnv=true for
(french3.ldf)             compatibility with enumitem package,
(french3.ldf)             reported on input line 89.
Package french3.ldf Info: Setting StandardEnumerateEnv=true for
(french3.ldf)             compatibility with enumitem package,
(french3.ldf)             reported on input line 89.
Package csquotes Info: Checking for multilingual support...
Package csquotes Info: ... found 'babel' package.
 (Thesis-report.aux
Package babel Info: 'french' activates 'french' shorthands.
(babel)             Reported on input line 12.
 (Chapitres/Declaration.aux)
(Chapitres/dedication.aux) (Chapitres/Acknowledgements.aux)
(Chapitres/Abstract.aux) (Chapitres/Introduction.aux) (Chapitres/Chapitre1.aux)
(Chapitres/Chapitre2.aux) (Chapitres/Chapitre3.aux) (Chapitres/Chapitre4.aux)
(Chapitres/Chapitre5.aux) (Chapitres/Conclusion.aux) (Chapitres/Webographie.aux
))
\openout1 = `Thesis-report.aux'.

LaTeX Font Info:    Checking defaults for OML/cmm/m/it on input line 89.
LaTeX Font Info:    ... okay on input line 89.
LaTeX Font Info:    Checking defaults for OMS/cmsy/m/n on input line 89.
LaTeX Font Info:    ... okay on input line 89.
LaTeX Font Info:    Checking defaults for OT1/cmr/m/n on input line 89.
LaTeX Font Info:    ... okay on input line 89.
LaTeX Font Info:    Checking defaults for T1/cmr/m/n on input line 89.
LaTeX Font Info:    ... okay on input line 89.
LaTeX Font Info:    Checking defaults for TS1/cmr/m/n on input line 89.
LaTeX Font Info:    ... okay on input line 89.
LaTeX Font Info:    Checking defaults for OMX/cmex/m/n on input line 89.
LaTeX Font Info:    ... okay on input line 89.
LaTeX Font Info:    Checking defaults for U/cmr/m/n on input line 89.
LaTeX Font Info:    ... okay on input line 89.
LaTeX Font Info:    Checking defaults for PD1/pdf/m/n on input line 89.
LaTeX Font Info:    ... okay on input line 89.
LaTeX Font Info:    Checking defaults for PU/pdf/m/n on input line 89.
LaTeX Font Info:    ... okay on input line 89.

(C:\Users\ouech\AppData\Local\Programs\MiKTeX\tex/context/base/mkii\supp-pdf.mk
ii
[Loading MPS to PDF converter (version 2006.09.02).]
\scratchcounter=\count533
\scratchdimen=\dimen337
\scratchbox=\box95
\nofMPsegments=\count534
\nofMParguments=\count535
\everyMPshowfont=\toks56
\MPscratchCnt=\count536
\MPscratchDim=\dimen338
\MPnumerator=\count537
\makeMPintoPDFobject=\count538
\everyMPtoPDFconversion=\toks57
)
(C:\Users\ouech\AppData\Local\Programs\MiKTeX\tex/latex/epstopdf-pkg\epstopdf-b
ase.sty
Package: epstopdf-base 2020-01-24 v2.11 Base part for package epstopdf
Package epstopdf-base Info: Redefining graphics rule for `.eps' on input line 4
85.

(C:\Users\ouech\AppData\Local\Programs\MiKTeX\tex/latex/00miktex\epstopdf-sys.c
fg
File: epstopdf-sys.cfg 2021/03/18 v2.0 Configuration of epstopdf for MiKTeX
))
Package caption Info: Begin \AtBeginDocument code.
Package caption Info: french babel package is loaded.
Package caption Info: float package is loaded.
Package caption Info: hyperref package is loaded.
Package caption Info: longtable package is loaded.

(C:\Users\ouech\AppData\Local\Programs\MiKTeX\tex/latex/caption\ltcaption.sty
Package: ltcaption 2021/01/08 v1.4c longtable captions (AR)
)
Package caption Info: End \AtBeginDocument code.
LaTeX Info: Redefining \degres on input line 89.

(C:\Users\ouech\AppData\Local\Programs\MiKTeX\tex/latex/pdflscape\pdflscape.sty
Package: pdflscape 2022-10-27 v0.13 Display of landscape pages in PDF

(C:\Users\ouech\AppData\Local\Programs\MiKTeX\tex/latex/pdflscape\pdflscape-nom
etadata.sty
Package: pdflscape-nometadata 2022-10-28 v0.13 Display of landscape pages in PD
F (HO)
Package pdflscape Info: Auto-detected driver: pdftex on input line 81.
))
Package minitoc(hints) Info: I0049
(minitoc(hints))             ==> You requested the hints option. 
(minitoc(hints))             Some hints are eventually given below.


Package minitoc(hints) Warning: W0030
(minitoc(hints))                --- The \part command is altered 
(minitoc(hints))                after minitoc.


Package minitoc(hints) Warning: W0023
(minitoc(hints))                --- It may be the consequence 
(minitoc(hints))                of loading the ``hyperref'' package.


Package minitoc(hints) Warning: W0028
(minitoc(hints))                --- The \chapter command is altered 
(minitoc(hints))                after minitoc.


Package minitoc(hints) Warning: W0023
(minitoc(hints))                --- It may be the consequence 
(minitoc(hints))                of loading the ``hyperref'' package.

Package hyperref Info: Link coloring OFF on input line 89.
(Thesis-report.out) (Thesis-report.out)
\@outlinefile=\write8
\openout8 = `Thesis-report.out'.


*geometry* driver: auto-detecting
*geometry* detected driver: pdftex
*geometry* verbose mode - [ preamble ] result:
* driver: pdftex
* paper: a4paper
* layout: <same size as paper>
* layoutoffset:(h,v)=(0.0pt,0.0pt)
* modes: twoside 
* h-part:(L,W,R)=(56.9055pt, 483.69687pt, 56.9055pt)
* v-part:(T,H,B)=(56.9055pt, 731.23584pt, 56.9055pt)
* \paperwidth=597.50787pt
* \paperheight=845.04684pt
* \textwidth=412.56496pt
* \textheight=625.96062pt
* \oddsidemargin=28.45274pt
* \evensidemargin=28.45274pt
* \topmargin=-47.23828pt
* \headheight=12.0pt
* \headsep=19.8738pt
* \topskip=11.0pt
* \footskip=27.46295pt
* \marginparwidth=106.0pt
* \marginparsep=7.0pt
* \columnsep=10.0pt
* \skip\footins=10.0pt plus 4.0pt minus 2.0pt
* \hoffset=0.0pt
* \voffset=0.0pt
* \mag=1000
* \@twocolumnfalse
* \@twosidetrue
* \@mparswitchtrue
* \@reversemarginfalse
* (1in=72.27pt=25.4mm, 1cm=28.453pt)

Package biblatex Info: Trying to load language 'french'...
Package biblatex Info: ... file 'french.lbx' found.

(C:\Users\ouech\AppData\Local\Programs\MiKTeX\tex/latex/biblatex/lbx\french.lbx
File: french.lbx 2025/07/10 v3.21 biblatex localization (PK/MW)
)
Package biblatex Info: Input encoding 'utf8' detected.
Package biblatex Info: Automatic encoding selection.
(biblatex)             Assuming data encoding 'utf8'.
\openout7 = `Thesis-report.bcf'.

Package biblatex Info: Trying to load bibliographic data...
Package biblatex Info: ... file 'Thesis-report.bbl' found.
 (Thesis-report.bbl)
Package biblatex Info: Reference section=0 on input line 89.
Package biblatex Info: Reference segment=0 on input line 89.


pdfTeX warning: pdflatex (file ./Chapitres/page_garde_BC.pdf): PDF inclusion: f
ound PDF version <1.7>, but at most version <1.5> allowed
<Chapitres/page_garde_BC.pdf, id=654, 597.432pt x 845.07718pt>
File: Chapitres/page_garde_BC.pdf Graphic file (type pdf)
<use Chapitres/page_garde_BC.pdf>
Package pdftex.def Info: Chapitres/page_garde_BC.pdf  used on input line 90.
(pdftex.def)             Requested size: 597.43054pt x 845.07512pt.


pdfTeX warning: pdflatex (file ./Chapitres/page_garde_BC.pdf): PDF inclusion: f
ound PDF version <1.7>, but at most version <1.5> allowed


pdfTeX warning: pdflatex (file ./Chapitres/page_garde_BC.pdf): PDF inclusion: f
ound PDF version <1.7>, but at most version <1.5> allowed
<Chapitres/page_garde_BC.pdf, id=656, page=1, 597.432pt x 845.07718pt>
File: Chapitres/page_garde_BC.pdf Graphic file (type pdf)
<use Chapitres/page_garde_BC.pdf, page 1>
Package pdftex.def Info: Chapitres/page_garde_BC.pdf , page1 used on input line
 90.
(pdftex.def)             Requested size: 597.43054pt x 845.07512pt.
File: Chapitres/page_garde_BC.pdf Graphic file (type pdf)
<use Chapitres/page_garde_BC.pdf, page 1>
Package pdftex.def Info: Chapitres/page_garde_BC.pdf , page1 used on input line
 90.
(pdftex.def)             Requested size: 597.45789pt x 845.1138pt.
File: Chapitres/page_garde_BC.pdf Graphic file (type pdf)
<use Chapitres/page_garde_BC.pdf, page 1>
Package pdftex.def Info: Chapitres/page_garde_BC.pdf , page1 used on input line
 90.
(pdftex.def)             Requested size: 597.45789pt x 845.1138pt.
File: Chapitres/page_garde_BC.pdf Graphic file (type pdf)
<use Chapitres/page_garde_BC.pdf, page 1>
Package pdftex.def Info: Chapitres/page_garde_BC.pdf , page1 used on input line
 90.
(pdftex.def)             Requested size: 597.45789pt x 845.1138pt.
File: Chapitres/page_garde_BC.pdf Graphic file (type pdf)
<use Chapitres/page_garde_BC.pdf, page 1>
Package pdftex.def Info: Chapitres/page_garde_BC.pdf , page1 used on input line
 90.
(pdftex.def)             Requested size: 597.45789pt x 845.1138pt.
[1


 <./Chapitres/page_garde_BC.pdf>]
\openout2 = `Chapitres/Declaration.aux'.

 (Chapitres/Declaration.tex)
pdfTeX warning (ext4): destination with the same identifier (name{page.1}) has 
been already used, duplicate ignored
<to be read again> 
                   \relax 
l.95 \include{Chapitres/Declaration}
                                     [1


{C:/Users/ouech/AppData/Local/MiKTeX/fonts/map/pdftex/pdftex.map}]
\openout2 = `Chapitres/dedication.aux'.

 (Chapitres/dedication.tex [2




]) [3]
\openout2 = `Chapitres/Acknowledgements.aux'.


(Chapitres/Acknowledgements.tex [4




]) [5]
\openout2 = `Chapitres/Abstract.aux'.

 (Chapitres/Abstract.tex [6




]) [7]
[8



] (Thesis-report.toc
LaTeX Font Info:    Trying to load font information for U+lasy on input line 8.


(C:\Users\ouech\AppData\Local\Programs\MiKTeX\tex/latex/base\ulasy.fd
File: ulasy.fd 1998/08/17 v2.2e LaTeX symbol font definitions
)
LaTeX Font Info:    Trying to load font information for U+msa on input line 8.

(C:\Users\ouech\AppData\Local\Programs\MiKTeX\tex/latex/amsfonts\umsa.fd
File: umsa.fd 2013/01/14 v3.01 AMS symbols A
)
LaTeX Font Info:    Trying to load font information for U+msb on input line 8.

(C:\Users\ouech\AppData\Local\Programs\MiKTeX\tex/latex/amsfonts\umsb.fd
File: umsb.fd 2013/01/14 v3.01 AMS symbols B
)
[9]
Package babel Info: 'french' activates 'french' shorthands.
(babel)             Reported on input line 50.
 [10]
Underfull \vbox (badness 10000) has occurred while \output is active []

 [11]
[12] [13] [14])
\tf@toc=\write9
\openout9 = `Thesis-report.toc'.

 [15] [16

] (Thesis-report.lot [17])
\tf@lot=\write10
\openout10 = `Thesis-report.lot'.

 [18] (Thesis-report.lof
Underfull \vbox (badness 5460) has occurred while \output is active []

 [19

]
[20]
Underfull \vbox (badness 8056) has occurred while \output is active []

 [21])
\tf@lof=\write11
\openout11 = `Thesis-report.lof'.


[22]
\openout2 = `Chapitres/Introduction.aux'.

 (Chapitres/Introduction.tex
Underfull \vbox (badness 5787) has occurred while \output is active []

 [23


])
[24]
\openout2 = `Chapitres/Chapitre1.aux'.

 (Chapitres/Chapitre1.tex
Chapitre 1.
LaTeX Font Info:    Trying to load font information for OT1+phv on input line 2
.
(C:\Users\ouech\AppData\Local\Programs\MiKTeX\tex/latex/psnfss\ot1phv.fd
File: ot1phv.fd 2020/03/25 scalable font definitions for OT1/phv.
)
LaTeX Font Info:    Trying to load font information for OT1+ptm on input line 2
.

(C:\Users\ouech\AppData\Local\Programs\MiKTeX\tex/latex/psnfss\ot1ptm.fd
File: ot1ptm.fd 2001/06/04 font definitions for OT1/ptm.
)
<Chapitres/Figures/Yesinternet.png, id=1305, 627.34375pt x 627.34375pt>
File: Chapitres/Figures/Yesinternet.png Graphic file (type png)
<use Chapitres/Figures/Yesinternet.png>
Package pdftex.def Info: Chapitres/Figures/Yesinternet.png  used on input line 
20.
(pdftex.def)             Requested size: 82.51172pt x 82.50522pt.

[25




{C:/Users/ouech/AppData/Local/Programs/MiKTeX/fonts/enc/dvips/base/8r.enc} <./C
hapitres/Figures/Yesinternet.png>]
<Chapitres/Figures/organigramme.png, id=1318, 830.6533pt x 517.18219pt>
File: Chapitres/Figures/organigramme.png Graphic file (type png)
<use Chapitres/Figures/organigramme.png>
Package pdftex.def Info: Chapitres/Figures/organigramme.png  used on input line
 40.
(pdftex.def)             Requested size: 412.56496pt x 256.87799pt.

Underfull \vbox (badness 10000) has occurred while \output is active []

 [26 <./Chapitres/Figures/organigramme.png>] [27] [28]
<Chapitres/Figures/contrat_papier.jpg, id=1343, 770.88pt x 1027.84pt>
File: Chapitres/Figures/contrat_papier.jpg Graphic file (type jpg)
<use Chapitres/Figures/contrat_papier.jpg>
Package pdftex.def Info: Chapitres/Figures/contrat_papier.jpg  used on input li
ne 97.
(pdftex.def)             Requested size: 330.05322pt x 440.06488pt.
<Chapitres/Figures/gestion_excel.jpg, id=1346, 949.5475pt x 825.0825pt>
File: Chapitres/Figures/gestion_excel.jpg Graphic file (type jpg)
<use Chapitres/Figures/gestion_excel.jpg>
Package pdftex.def Info: Chapitres/Figures/gestion_excel.jpg  used on input lin
e 104.
(pdftex.def)             Requested size: 412.56496pt x 358.47993pt.

Underfull \vbox (badness 3503) has occurred while \output is active []

 [29 <./Chapitres/Figures/contrat_papier.jpg>]
<Chapitres/Figures/exmp_sys.png, id=1357, 963.6pt x 541.02126pt>
File: Chapitres/Figures/exmp_sys.png Graphic file (type png)
<use Chapitres/Figures/exmp_sys.png>
Package pdftex.def Info: Chapitres/Figures/exmp_sys.png  used on input line 117
.
(pdftex.def)             Requested size: 371.30594pt x 208.47131pt.
<Chapitres/Figures/tunisiadr.png, id=1360, 1413.02907pt x 722.7pt>
File: Chapitres/Figures/tunisiadr.png Graphic file (type png)
<use Chapitres/Figures/tunisiadr.png>
Package pdftex.def Info: Chapitres/Figures/tunisiadr.png  used on input line 12
5.
(pdftex.def)             Requested size: 371.30594pt x 189.90457pt.

Underfull \vbox (badness 10000) has occurred while \output is active []

 [30 <./Chapitres/Figures/gestion_excel.jpg>] [31 <./Chapitres/Figures/exmp_sys
.png> <./Chapitres/Figures/tunisiadr.png>]
<Chapitres/Figures/car_centric.jpg, id=1375, 1284.8pt x 722.7pt>
File: Chapitres/Figures/car_centric.jpg Graphic file (type jpg)
<use Chapitres/Figures/car_centric.jpg>
Package pdftex.def Info: Chapitres/Figures/car_centric.jpg  used on input line 
154.
(pdftex.def)             Requested size: 350.68272pt x 197.2599pt.

Underfull \vbox (badness 10000) has occurred while \output is active []

 [32]
Underfull \vbox (badness 1264) has occurred while \output is active []

 [33 <./Chapitres/Figures/car_centric.jpg>]
<Chapitres/Figures/HQ.png, id=1387, 1435.61343pt x 729.47531pt>
File: Chapitres/Figures/HQ.png Graphic file (type png)
<use Chapitres/Figures/HQ.png>
Package pdftex.def Info: Chapitres/Figures/HQ.png  used on input line 174.
(pdftex.def)             Requested size: 350.68272pt x 178.18317pt.
<Chapitres/Figures/vevs_dashboard.png, id=1391, 1255.69125pt x 801.99625pt>
File: Chapitres/Figures/vevs_dashboard.png Graphic file (type png)
<use Chapitres/Figures/vevs_dashboard.png>
Package pdftex.def Info: Chapitres/Figures/vevs_dashboard.png  used on input li
ne 193.
(pdftex.def)             Requested size: 330.05322pt x 210.79027pt.

Underfull \vbox (badness 3039) has occurred while \output is active []

 [34 <./Chapitres/Figures/HQ.png>] [35 <./Chapitres/Figures/vevs_dashboard.png>
] [36]
[37]
Underfull \vbox (badness 4531) has occurred while \output is active []

 [38]
Overfull \hbox (10.97359pt too wide) in paragraph at lines 283--294
 [][] 
 []

<Chapitres/Figures/agile.png, id=1424, 1806.75pt x 876.27374pt>
File: Chapitres/Figures/agile.png Graphic file (type png)
<use Chapitres/Figures/agile.png>
Package pdftex.def Info: Chapitres/Figures/agile.png  used on input line 298.
(pdftex.def)             Requested size: 371.30594pt x 180.0785pt.

Underfull \vbox (badness 10000) has occurred while \output is active []

 [39]
<Chapitres/Figures/scrum_model.png, id=1431, 512.66531pt x 286.82156pt>
File: Chapitres/Figures/scrum_model.png Graphic file (type png)
<use Chapitres/Figures/scrum_model.png>
Package pdftex.def Info: Chapitres/Figures/scrum_model.png  used on input line 
331.
(pdftex.def)             Requested size: 288.7942pt x 161.57306pt.

Underfull \vbox (badness 10000) has occurred while \output is active []

 [40 <./Chapitres/Figures/agile.png>]
Overfull \hbox (9.14722pt too wide) in paragraph at lines 360--375
 [][] 
 []


Underfull \vbox (badness 4805) has occurred while \output is active []

 [41 <./Chapitres/Figures/scrum_model.png>]
<Chapitres/Figures/UML-logo.png, id=1443, 513.92pt x 513.92pt>
File: Chapitres/Figures/UML-logo.png Graphic file (type png)
<use Chapitres/Figures/UML-logo.png>
Package pdftex.def Info: Chapitres/Figures/UML-logo.png  used on input line 388
.
(pdftex.def)             Requested size: 82.51172pt x 82.51117pt.
) [42 <./Chapitres/Figures/UML-logo.png>]
\openout2 = `Chapitres/Chapitre2.aux'.


(Chapitres/Chapitre2.tex
Chapitre 2.
[43




]
<Chapitres/Figures/Diag.contexte.stat.png, id=1458, 397.485pt x 189.70876pt>
File: Chapitres/Figures/Diag.contexte.stat.png Graphic file (type png)
<use Chapitres/Figures/Diag.contexte.stat.png>
Package pdftex.def Info: Chapitres/Figures/Diag.contexte.stat.png  used on inpu
t line 50.
(pdftex.def)             Requested size: 288.7942pt x 137.83781pt.
 [44 <./Chapitres/Figures/Diag.contexte.stat.png>] [45] [46] [47] [48]
<Chapitres/Figures/Diag.cas.utilisation.global.png, id=1484, 657.2053pt x 514.9
2375pt>
File: Chapitres/Figures/Diag.cas.utilisation.global.png Graphic file (type png)

<use Chapitres/Figures/Diag.cas.utilisation.global.png>
Package pdftex.def Info: Chapitres/Figures/Diag.cas.utilisation.global.png  use
d on input line 171.
(pdftex.def)             Requested size: 495.07668pt x 387.89685pt.

Overfull \hbox (82.51172pt too wide) in paragraph at lines 169--172
 [] 
 []

[49 <./Chapitres/Figures/Diag.cas.utilisation.global.png>]
<Chapitres/Figures/Scrum-roles.png, id=1492, 437.2335pt x 178.41656pt>
File: Chapitres/Figures/Scrum-roles.png Graphic file (type png)
<use Chapitres/Figures/Scrum-roles.png>
Package pdftex.def Info: Chapitres/Figures/Scrum-roles.png  used on input line 
187.
(pdftex.def)             Requested size: 412.56496pt x 168.35406pt.
 [50 <./Chapitres/Figures/Scrum-roles.png>]
Underfull \hbox (badness 10000) in paragraph at lines 216--216
[]|\T1/cmr/bx/n/10.95 User Story (Je
 []


Overfull \hbox (65.47098pt too wide) in alignment at lines 211--218
 [] [] [] [] [] 
 []


Underfull \hbox (badness 10000) in paragraph at lines 221--221
[]|\T1/cmr/bx/n/10.95 User Story (Je
 []


Overfull \hbox (65.47098pt too wide) in alignment at lines 218--223
 [] [] [] [] [] 
 []


Overfull \hbox (65.47098pt too wide) in alignment at lines 223--226
 [] [] [] [] [] 
 []


Overfull \hbox (65.47098pt too wide) in alignment at lines 226--229
 [] [] [] [] [] 
 []


Underfull \hbox (badness 2744) in paragraph at lines 233--233
[]|\T1/cmr/m/n/10.95 gérer mon pro-fil afin
 []


Underfull \hbox (badness 1655) in paragraph at lines 235--235
[]|\T1/cmr/m/n/10.95 gérer les agences afin
 []


Underfull \hbox (badness 3138) in paragraph at lines 235--235
\T1/cmr/m/n/10.95 de vi-sua-li-ser, ajou-ter,
 []


Underfull \hbox (badness 1365) in paragraph at lines 239--239
[]|\T1/cmr/m/n/10.95 consulter mes ré-ser-va-
 []


Underfull \hbox (badness 1097) in paragraph at lines 240--240
[]|\T1/cmr/m/n/10.95 traiter les ré-ser-va-tions
 []


Underfull \hbox (badness 10000) in paragraph at lines 240--240
\T1/cmr/m/n/10.95 et re-cla-ma-tions afin
 []


Underfull \hbox (badness 10000) in paragraph at lines 240--240
\T1/cmr/m/n/10.95 d'ac-cep-ter/refuser les
 []


Underfull \hbox (badness 2027) in paragraph at lines 241--241
[]|\T1/cmr/m/n/10.95 voir mon score client
 []


Underfull \hbox (badness 3209) in paragraph at lines 242--242
[]|\T1/cmr/m/n/10.95 contacter l'ad-mi-nis-tra-
 []


Overfull \hbox (65.47098pt too wide) in alignment at lines 229--248
 [] [] [] [] [] 
 []


ignored: Infinite glue shrinkage found in box being split [51] [52]
<Chapitres/Figures/planification_sprints.png, id=1507, 774.4935pt x 344.487pt>
File: Chapitres/Figures/planification_sprints.png Graphic file (type png)
<use Chapitres/Figures/planification_sprints.png>
Package pdftex.def Info: Chapitres/Figures/planification_sprints.png  used on i
nput line 259.
(pdftex.def)             Requested size: 288.7942pt x 128.45164pt.
<Chapitres/Figures/gantt.png, id=1508, 930.47626pt x 258.9675pt>
File: Chapitres/Figures/gantt.png Graphic file (type png)
<use Chapitres/Figures/gantt.png>
Package pdftex.def Info: Chapitres/Figures/gantt.png  used on input line 277.
(pdftex.def)             Requested size: 412.56496pt x 114.82327pt.
 [53 <./Chapitres/Figures/planification_sprints.png> <./Chapitres/Figures/gantt
.png>]) [54]
\openout2 = `Chapitres/Chapitre3.aux'.

 (Chapitres/Chapitre3.tex
Chapitre 3.

Underfull \hbox (badness 2376) in paragraph at lines 72--72
\T1/cmr/m/n/10.95 dia-grammes du cas ^^SS'ins-
 []


Underfull \hbox (badness 10000) in paragraph at lines 72--72
[]|\T1/cmr/m/n/10.95 Implémenter l'au-then-ti-fi-ca-
 []


Underfull \hbox (badness 1292) in paragraph at lines 72--72
[]|\T1/cmr/m/n/10.95 Implémenter la consul-ta-tion
 []


Underfull \hbox (badness 1888) in paragraph at lines 72--72
[]|\T1/cmr/m/n/10.95 Implémenter la ges-tion des
 []

[55




] [56]
<Chapitres/Figures/proto_inscription.png, id=1529, 647.41875pt x 456.20438pt>
File: Chapitres/Figures/proto_inscription.png Graphic file (type png)
<use Chapitres/Figures/proto_inscription.png>
Package pdftex.def Info: Chapitres/Figures/proto_inscription.png  used on input
 line 85.
(pdftex.def)             Requested size: 330.05322pt x 232.57065pt.
<Chapitres/Figures/proto_client.png, id=1530, 643.6547pt x 456.95718pt>
File: Chapitres/Figures/proto_client.png Graphic file (type png)
<use Chapitres/Figures/proto_client.png>
Package pdftex.def Info: Chapitres/Figures/proto_client.png  used on input line
 91.
(pdftex.def)             Requested size: 330.05322pt x 234.32803pt.
 [57 <./Chapitres/Figures/proto_inscription.png> <./Chapitres/Figures/proto_cli
ent.png>]
<Chapitres/Figures/use_case_s1.png, id=1537, 650.43pt x 329.73187pt>
File: Chapitres/Figures/use_case_s1.png Graphic file (type png)
<use Chapitres/Figures/use_case_s1.png>
Package pdftex.def Info: Chapitres/Figures/use_case_s1.png  used on input line 
112.
(pdftex.def)             Requested size: 412.56496pt x 209.15099pt.
 [58

 <./Chapitres/Figures/use_case_s1.png>]
<Chapitres/Figures/diag_seq_s_inscrire.png, id=1543, 1068.99374pt x 1009.7725pt
>
File: Chapitres/Figures/diag_seq_s_inscrire.png Graphic file (type png)
<use Chapitres/Figures/diag_seq_s_inscrire.png>
Package pdftex.def Info: Chapitres/Figures/diag_seq_s_inscrire.png  used on inp
ut line 173.
(pdftex.def)             Requested size: 412.56496pt x 389.7112pt.
 [59]
<Chapitres/Figures/diag_seq_s_authentifier.png, id=1548, 930.47626pt x 1041.892
5pt>
File: Chapitres/Figures/diag_seq_s_authentifier.png Graphic file (type png)
<use Chapitres/Figures/diag_seq_s_authentifier.png>
Package pdftex.def Info: Chapitres/Figures/diag_seq_s_authentifier.png  used on
 input line 223.
(pdftex.def)             Requested size: 412.56496pt x 461.96347pt.
 [60 <./Chapitres/Figures/diag_seq_s_inscrire.png>] [61] [62 <./Chapitres/Figur
es/diag_seq_s_authentifier.png>]
<Chapitres/Figures/Diag_cas_Gerer_profil.png, id=1564, 687.0167pt x 189.70876pt
>
File: Chapitres/Figures/Diag_cas_Gerer_profil.png Graphic file (type png)
<use Chapitres/Figures/Diag_cas_Gerer_profil.png>
Package pdftex.def Info: Chapitres/Figures/Diag_cas_Gerer_profil.png  used on i
nput line 235.
(pdftex.def)             Requested size: 412.56496pt x 113.92455pt.
<Chapitres/Figures/diag_seq_consulter_profil.png, id=1565, 729.72626pt x 511.91
25pt>
File: Chapitres/Figures/diag_seq_consulter_profil.png Graphic file (type png)
<use Chapitres/Figures/diag_seq_consulter_profil.png>
Package pdftex.def Info: Chapitres/Figures/diag_seq_consulter_profil.png  used 
on input line 282.
(pdftex.def)             Requested size: 288.7942pt x 202.58987pt.
 [63 <./Chapitres/Figures/Diag_cas_Gerer_profil.png>]
<Chapitres/Figures/diag_seq_modifier_profil.png, id=1571, 862.22125pt x 1128.21
5pt>
File: Chapitres/Figures/diag_seq_modifier_profil.png Graphic file (type png)
<use Chapitres/Figures/diag_seq_modifier_profil.png>
Package pdftex.def Info: Chapitres/Figures/diag_seq_modifier_profil.png  used o
n input line 333.
(pdftex.def)             Requested size: 288.7942pt x 377.87259pt.

[64 <./Chapitres/Figures/diag_seq_consulter_profil.png>]
Overfull \vbox (110.73233pt too high) has occurred while \output is active []


[65 <./Chapitres/Figures/diag_seq_modifier_profil.png>]
<Chapitres/Figures/raf_gerer_agences.png, id=1582, 723.15169pt x 189.70876pt>
File: Chapitres/Figures/raf_gerer_agences.png Graphic file (type png)
<use Chapitres/Figures/raf_gerer_agences.png>
Package pdftex.def Info: Chapitres/Figures/raf_gerer_agences.png  used on input
 line 354.
(pdftex.def)             Requested size: 412.56496pt x 108.23352pt.
<Chapitres/Figures/diag_seq_consulter_agences.png, id=1583, 806.01125pt x 482.8
0376pt>
File: Chapitres/Figures/diag_seq_consulter_agences.png Graphic file (type png)
<use Chapitres/Figures/diag_seq_consulter_agences.png>
Package pdftex.def Info: Chapitres/Figures/diag_seq_consulter_agences.png  used
 on input line 399.
(pdftex.def)             Requested size: 288.7942pt x 172.98412pt.
 [66 <./Chapitres/Figures/raf_gerer_agences.png>]
<Chapitres/Figures/diag_seq_modifier_infos_agences.png, id=1590, 852.18375pt x 
1100.11pt>
File: Chapitres/Figures/diag_seq_modifier_infos_agences.png Graphic file (type 
png)
<use Chapitres/Figures/diag_seq_modifier_infos_agences.png>
Package pdftex.def Info: Chapitres/Figures/diag_seq_modifier_infos_agences.png 
 used on input line 451.
(pdftex.def)             Requested size: 288.7942pt x 372.82384pt.
 [67 <./Chapitres/Figures/diag_seq_consulter_agences.png>]
<Chapitres/Figures/Diag_seq_ajouter_agence.png, id=1596, 1239.63126pt x 1319.93
124pt>
File: Chapitres/Figures/Diag_seq_ajouter_agence.png Graphic file (type png)
<use Chapitres/Figures/Diag_seq_ajouter_agence.png>
Package pdftex.def Info: Chapitres/Figures/Diag_seq_ajouter_agence.png  used on
 input line 507.
(pdftex.def)             Requested size: 412.56496pt x 439.28452pt.
 [68 <./Chapitres/Figures/diag_seq_modifier_infos_agences.png>]
Overfull \vbox (184.59026pt too high) has occurred while \output is active []


[69 <./Chapitres/Figures/Diag_seq_ajouter_agence.png>]
Overfull \hbox (9.82518pt too wide) in paragraph at lines 524--557
 [][] 
 []

<Chapitres/Figures/Diag_seq_bloquer_agence.png, id=1607, 1206.5075pt x 873.2625
pt>
File: Chapitres/Figures/Diag_seq_bloquer_agence.png Graphic file (type png)
<use Chapitres/Figures/Diag_seq_bloquer_agence.png>
Package pdftex.def Info: Chapitres/Figures/Diag_seq_bloquer_agence.png  used on
 input line 561.
(pdftex.def)             Requested size: 412.56496pt x 298.6109pt.
[70] [71 <./Chapitres/Figures/Diag_seq_bloquer_agence.png>]
<Chapitres/Figures/raf_gerer_vitrine.png, id=1617, 560.99588pt x 168.93112pt>
File: Chapitres/Figures/raf_gerer_vitrine.png Graphic file (type png)
<use Chapitres/Figures/raf_gerer_vitrine.png>
Package pdftex.def Info: Chapitres/Figures/raf_gerer_vitrine.png  used on input
 line 580.
(pdftex.def)             Requested size: 412.56496pt x 124.2389pt.
<Chapitres/Figures/Diag_seq_consulter_vitrine.png, id=1618, 760.8425pt x 428.60
126pt>
File: Chapitres/Figures/Diag_seq_consulter_vitrine.png Graphic file (type png)
<use Chapitres/Figures/Diag_seq_consulter_vitrine.png>
Package pdftex.def Info: Chapitres/Figures/Diag_seq_consulter_vitrine.png  used
 on input line 625.
(pdftex.def)             Requested size: 288.7942pt x 162.68704pt.
 [72 <./Chapitres/Figures/raf_gerer_vitrine.png>]
<Chapitres/Figures/Diag_seq_modifier_infos_voiture.png, id=1625, 1138.2525pt x 
1066.98625pt>
File: Chapitres/Figures/Diag_seq_modifier_infos_voiture.png Graphic file (type 
png)
<use Chapitres/Figures/Diag_seq_modifier_infos_voiture.png>
Package pdftex.def Info: Chapitres/Figures/Diag_seq_modifier_infos_voiture.png 
 used on input line 677.
(pdftex.def)             Requested size: 412.56496pt x 386.73598pt.
 [73 <./Chapitres/Figures/Diag_seq_consulter_vitrine.png>] [74 <./Chapitres/Fig
ures/Diag_seq_modifier_infos_voiture.png>]
<Chapitres/Figures/Diag_seq_ajouter_voiture.png, id=1636, 1001.7425pt x 930.476
26pt>
File: Chapitres/Figures/Diag_seq_ajouter_voiture.png Graphic file (type png)
<use Chapitres/Figures/Diag_seq_ajouter_voiture.png>
Package pdftex.def Info: Chapitres/Figures/Diag_seq_ajouter_voiture.png  used o
n input line 731.
(pdftex.def)             Requested size: 412.56496pt x 383.21568pt.

[75] [76 <./Chapitres/Figures/Diag_seq_ajouter_voiture.png>]
<Chapitres/Figures/classes_participantes__internaute_s1.png, id=1650, 831.105pt
 x 264.68887pt>
File: Chapitres/Figures/classes_participantes__internaute_s1.png Graphic file (
type png)
<use Chapitres/Figures/classes_participantes__internaute_s1.png>
Package pdftex.def Info: Chapitres/Figures/classes_participantes__internaute_s1
.png  used on input line 784.
(pdftex.def)             Requested size: 412.56496pt x 131.39095pt.
<Chapitres/Figures/classes_participantes__utilisateur_s1.png, id=1651, 858.2062
5pt x 235.78087pt>
File: Chapitres/Figures/classes_participantes__utilisateur_s1.png Graphic file 
(type png)
<use Chapitres/Figures/classes_participantes__utilisateur_s1.png>
Package pdftex.def Info: Chapitres/Figures/classes_participantes__utilisateur_s
1.png  used on input line 793.
(pdftex.def)             Requested size: 412.56496pt x 113.3462pt.
 [77 <./Chapitres/Figures/classes_participantes__internaute_s1.png>]
<Chapitres/Figures/classes_participantes__agence_s1.png, id=1661, 831.105pt x 1
77.0615pt>
File: Chapitres/Figures/classes_participantes__agence_s1.png Graphic file (type
 png)
<use Chapitres/Figures/classes_participantes__agence_s1.png>
Package pdftex.def Info: Chapitres/Figures/classes_participantes__agence_s1.png
  used on input line 802.
(pdftex.def)             Requested size: 412.56496pt x 87.8929pt.
<Chapitres/Figures/classes_participantes__admin_s1.png, id=1662, 831.105pt x 17
7.0615pt>
File: Chapitres/Figures/classes_participantes__admin_s1.png Graphic file (type 
png)
<use Chapitres/Figures/classes_participantes__admin_s1.png>
Package pdftex.def Info: Chapitres/Figures/classes_participantes__admin_s1.png 
 used on input line 811.
(pdftex.def)             Requested size: 412.56496pt x 87.8929pt.
 [78 <./Chapitres/Figures/classes_participantes__utilisateur_s1.png> <./Chapitr
es/Figures/classes_participantes__agence_s1.png> <./Chapitres/Figures/classes_p
articipantes__admin_s1.png>]
<Chapitres/figures/diag_seq_det/seq_det_s1/seq_det_consulter_actualite.png, id=
1672, 369.63094pt x 182.93344pt>
File: Chapitres/figures/diag_seq_det/seq_det_s1/seq_det_consulter_actualite.png
 Graphic file (type png)
<use Chapitres/figures/diag_seq_det/seq_det_s1/seq_det_consulter_actualite.png>

Package pdftex.def Info: Chapitres/figures/diag_seq_det/seq_det_s1/seq_det_cons
ulter_actualite.png  used on input line 830.
(pdftex.def)             Requested size: 330.05322pt x 163.34618pt.
<Chapitres/figures/diag_seq_det/seq_det_s1/seq_det_s_inscrire.png, id=1673, 420
.82219pt x 412.54124pt>
File: Chapitres/figures/diag_seq_det/seq_det_s1/seq_det_s_inscrire.png Graphic 
file (type png)
<use Chapitres/figures/diag_seq_det/seq_det_s1/seq_det_s_inscrire.png>
Package pdftex.def Info: Chapitres/figures/diag_seq_det/seq_det_s1/seq_det_s_in
scrire.png  used on input line 839.
(pdftex.def)             Requested size: 391.93544pt x 384.22594pt.

[79 <./Chapitres/figures/diag_seq_det/seq_det_s1/seq_det_consulter_actualite.pn
g>]
<Chapitres/figures/diag_seq_det/seq_det_s1/seq_det_s_authentifier.png, id=1680,
 449.42906pt x 213.79875pt>
File: Chapitres/figures/diag_seq_det/seq_det_s1/seq_det_s_authentifier.png Grap
hic file (type png)
<use Chapitres/figures/diag_seq_det/seq_det_s1/seq_det_s_authentifier.png>
Package pdftex.def Info: Chapitres/figures/diag_seq_det/seq_det_s1/seq_det_s_au
thentifier.png  used on input line 853.
(pdftex.def)             Requested size: 350.68272pt x 166.83086pt.
 [80 <./Chapitres/figures/diag_seq_det/seq_det_s1/seq_det_s_inscrire.png>]
<Chapitres/figures/diag_seq_det/seq_det_s1/seq_det_chatbot.png, id=1686, 372.64
218pt x 185.19188pt>
File: Chapitres/figures/diag_seq_det/seq_det_s1/seq_det_chatbot.png Graphic fil
e (type png)
<use Chapitres/figures/diag_seq_det/seq_det_s1/seq_det_chatbot.png>
Package pdftex.def Info: Chapitres/figures/diag_seq_det/seq_det_s1/seq_det_chat
bot.png  used on input line 863.
(pdftex.def)             Requested size: 350.68272pt x 174.28383pt.
<Chapitres/figures/diag_seq_det/seq_det_s1/seq_det_consulter_profil.png, id=168
7, 304.88907pt x 181.42781pt>
File: Chapitres/figures/diag_seq_det/seq_det_s1/seq_det_consulter_profil.png Gr
aphic file (type png)
<use Chapitres/figures/diag_seq_det/seq_det_s1/seq_det_consulter_profil.png>
Package pdftex.def Info: Chapitres/figures/diag_seq_det/seq_det_s1/seq_det_cons
ulter_profil.png  used on input line 872.
(pdftex.def)             Requested size: 350.68272pt x 208.68465pt.

[81 <./Chapitres/figures/diag_seq_det/seq_det_s1/seq_det_s_authentifier.png> <.
/Chapitres/figures/diag_seq_det/seq_det_s1/seq_det_chatbot.png>]
<Chapitres/figures/diag_seq_det/seq_det_s1/seq_det_ajouter_agence.png, id=1694,
 343.2825pt x 184.43906pt>
File: Chapitres/figures/diag_seq_det/seq_det_s1/seq_det_ajouter_agence.png Grap
hic file (type png)
<use Chapitres/figures/diag_seq_det/seq_det_s1/seq_det_ajouter_agence.png>
Package pdftex.def Info: Chapitres/figures/diag_seq_det/seq_det_s1/seq_det_ajou
ter_agence.png  used on input line 885.
(pdftex.def)             Requested size: 330.05322pt x 177.32965pt.

Overfull \hbox (41.57454pt too wide) in paragraph at lines 890--890
[]\T1/cmr/bx/n/10.95 Diagrammes de sé-quence dé-taillé du cas d'uti-li-sa-tion 
^^S Blo-quer/Débloquer
 []

<Chapitres/figures/diag_seq_det/seq_det_s1/seq_det_bloquer_agence.png, id=1695,
 432.11438pt x 182.18062pt>
File: Chapitres/figures/diag_seq_det/seq_det_s1/seq_det_bloquer_agence.png Grap
hic file (type png)
<use Chapitres/figures/diag_seq_det/seq_det_s1/seq_det_bloquer_agence.png>
Package pdftex.def Info: Chapitres/figures/diag_seq_det/seq_det_s1/seq_det_bloq
uer_agence.png  used on input line 894.
(pdftex.def)             Requested size: 330.05322pt x 139.15643pt.

Underfull \hbox (badness 2229) in paragraph at lines 895--895
[]\T1/cmr/m/sc/10.95 Figure 3.28 \T1/cmr/m/n/10.95 ^^U |Dia-gramme de sé-quence
 dé-taillé du cas d'uti-li-sa-tion ^^S Blo-
 []

[82 <./Chapitres/figures/diag_seq_det/seq_det_s1/seq_det_consulter_profil.png> 
<./Chapitres/figures/diag_seq_det/seq_det_s1/seq_det_ajouter_agence.png>]
<Chapitres/figures/diag_seq_det/seq_det_s1/seq_det_ajouter_utilisateur.png, id=
1702, 319.94531pt x 184.43906pt>
File: Chapitres/figures/diag_seq_det/seq_det_s1/seq_det_ajouter_utilisateur.png
 Graphic file (type png)
<use Chapitres/figures/diag_seq_det/seq_det_s1/seq_det_ajouter_utilisateur.png>

Package pdftex.def Info: Chapitres/figures/diag_seq_det/seq_det_s1/seq_det_ajou
ter_utilisateur.png  used on input line 903.
(pdftex.def)             Requested size: 330.05322pt x 190.26984pt.

Overfull \hbox (41.57454pt too wide) in paragraph at lines 908--908
[]\T1/cmr/bx/n/10.95 Diagrammes de sé-quence dé-taillé du cas d'uti-li-sa-tion 
^^S Blo-quer/Débloquer
 []

<Chapitres/figures/diag_seq_det/seq_det_s1/seq_det_bloquer_utilisateur.png, id=
1703, 328.22626pt x 184.43906pt>
File: Chapitres/figures/diag_seq_det/seq_det_s1/seq_det_bloquer_utilisateur.png
 Graphic file (type png)
<use Chapitres/figures/diag_seq_det/seq_det_s1/seq_det_bloquer_utilisateur.png>

Package pdftex.def Info: Chapitres/figures/diag_seq_det/seq_det_s1/seq_det_bloq
uer_utilisateur.png  used on input line 912.
(pdftex.def)             Requested size: 330.05322pt x 185.46863pt.

Underfull \hbox (badness 2229) in paragraph at lines 913--913
[]\T1/cmr/m/sc/10.95 Figure 3.30 \T1/cmr/m/n/10.95 ^^U |Dia-gramme de sé-quence
 dé-taillé du cas d'uti-li-sa-tion ^^S Blo-
 []

[83 <./Chapitres/figures/diag_seq_det/seq_det_s1/seq_det_bloquer_agence.png> <.
/Chapitres/figures/diag_seq_det/seq_det_s1/seq_det_ajouter_utilisateur.png>]
[84 <./Chapitres/figures/diag_seq_det/seq_det_s1/seq_det_bloquer_utilisateur.pn
g>]
<Chapitres/Figures/Diag_classe_sprint_1.png, id=1717, 738.96075pt x 500.46976pt
>
File: Chapitres/Figures/Diag_classe_sprint_1.png Graphic file (type png)
<use Chapitres/Figures/Diag_classe_sprint_1.png>
Package pdftex.def Info: Chapitres/Figures/Diag_classe_sprint_1.png  used on in
put line 926.
(pdftex.def)             Requested size: 391.93544pt x 265.44624pt.

Underfull \hbox (badness 6510) in paragraph at lines 987--987
[]|\T1/cmr/m/n/10.95 Identifiant unique de
 []


Underfull \hbox (badness 1540) in paragraph at lines 987--987
[]|\T1/cmr/m/n/10.95 Indique si l'uti-li-sa-teur
 []


Underfull \hbox (badness 6510) in paragraph at lines 987--987
[]|\T1/cmr/m/n/10.95 Identifiant unique de
 []


Underfull \hbox (badness 4647) in paragraph at lines 987--987
[]|\T1/cmr/m/n/10.95 L'adresse de l'uti-li-sa-
 []


Underfull \hbox (badness 1540) in paragraph at lines 987--987
[]|\T1/cmr/m/n/10.95 Indique si l'uti-li-sa-teur
 []

[85 <./Chapitres/Figures/Diag_classe_sprint_1.png>]
Underfull \hbox (badness 5022) in paragraph at lines 1037--1037
[]|\T1/cmr/m/n/10.95 Identifiant unique du
 []


Underfull \hbox (badness 1442) in paragraph at lines 1037--1037
[]|\T1/cmr/m/n/10.95 Le type de car-bu-rant
 []


Underfull \hbox (badness 10000) in paragraph at lines 1037--1037
[]|\T1/cmr/m/n/10.95 L'état du vé-hi-cule
 []


Underfull \hbox (badness 6510) in paragraph at lines 1037--1037
[]|\T1/cmr/m/n/10.95 Identifiant unique de
 []

[86]
<Chapitres/Figures/inter_inscrire.png, id=1727, 1297.09593pt x 667.74469pt>
File: Chapitres/Figures/inter_inscrire.png Graphic file (type png)
<use Chapitres/Figures/inter_inscrire.png>
Package pdftex.def Info: Chapitres/Figures/inter_inscrire.png  used on input li
ne 1048.
(pdftex.def)             Requested size: 371.30594pt x 191.1447pt.
 [87]
<Chapitres/Figures/inter_auth.png, id=1732, 1444.64719pt x 683.55376pt>
File: Chapitres/Figures/inter_auth.png Graphic file (type png)
<use Chapitres/Figures/inter_auth.png>
Package pdftex.def Info: Chapitres/Figures/inter_auth.png  used on input line 1
057.
(pdftex.def)             Requested size: 371.30594pt x 175.6859pt.
<Chapitres/Figures/inter_profil.png, id=1733, 1444.64719pt x 687.31781pt>
File: Chapitres/Figures/inter_profil.png Graphic file (type png)
<use Chapitres/Figures/inter_profil.png>
Package pdftex.def Info: Chapitres/Figures/inter_profil.png  used on input line
 1066.
(pdftex.def)             Requested size: 371.30594pt x 176.65332pt.
 [88 <./Chapitres/Figures/inter_inscrire.png> <./Chapitres/Figures/inter_auth.p
ng>]
<Chapitres/Figures/inter_chatbot.png, id=1740, 1428.83812pt x 685.8122pt>
File: Chapitres/Figures/inter_chatbot.png Graphic file (type png)
<use Chapitres/Figures/inter_chatbot.png>
Package pdftex.def Info: Chapitres/Figures/inter_chatbot.png  used on input lin
e 1075.
(pdftex.def)             Requested size: 371.30594pt x 178.21278pt.
<Chapitres/Figures/inter_vitrine.png, id=1741, 1146.53343pt x 359.84438pt>
File: Chapitres/Figures/inter_vitrine.png Graphic file (type png)
<use Chapitres/Figures/inter_vitrine.png>
Package pdftex.def Info: Chapitres/Figures/inter_vitrine.png  used on input lin
e 1084.
(pdftex.def)             Requested size: 371.30594pt x 116.53622pt.
 [89 <./Chapitres/Figures/inter_profil.png> <./Chapitres/Figures/inter_chatbot.
png>]
<Chapitres/Figures/inter_bloqAgence.png, id=1748, 1139.75812pt x 504.38437pt>
File: Chapitres/Figures/inter_bloqAgence.png Graphic file (type png)
<use Chapitres/Figures/inter_bloqAgence.png>
Package pdftex.def Info: Chapitres/Figures/inter_bloqAgence.png  used on input 
line 1093.
(pdftex.def)             Requested size: 371.30594pt x 164.31548pt.
<Chapitres/Figures/test1_code.png, id=1749, 677.53125pt x 505.89pt>
File: Chapitres/Figures/test1_code.png Graphic file (type png)
<use Chapitres/Figures/test1_code.png>
Package pdftex.def Info: Chapitres/Figures/test1_code.png  used on input line 1
108.
(pdftex.def)             Requested size: 371.30594pt x 277.25229pt.
 [90 <./Chapitres/Figures/inter_vitrine.png> <./Chapitres/Figures/inter_bloqAge
nce.png>]
<Chapitres/Figures/test2_code.png, id=1757, 642.14906pt x 575.14874pt>
File: Chapitres/Figures/test2_code.png Graphic file (type png)
<use Chapitres/Figures/test2_code.png>
Package pdftex.def Info: Chapitres/Figures/test2_code.png  used on input line 1
122.
(pdftex.def)             Requested size: 371.30594pt x 332.56848pt.
 [91 <./Chapitres/Figures/test1_code.png>]) [92 <./Chapitres/Figures/test2_code
.png>]
\openout2 = `Chapitres/Chapitre4.aux'.

 (Chapitres/Chapitre4.tex
Chapitre 4.

Underfull \hbox (badness 4647) in paragraph at lines 107--107
[]|\T1/cmr/m/n/10.95 Implémenter l'af-fi-chage des
 []


Underfull \hbox (badness 2189) in paragraph at lines 107--107
[]|\T1/cmr/m/n/10.95 Effectuer une ré-ser-va-
 []


Underfull \hbox (badness 6876) in paragraph at lines 107--107
[]|\T1/cmr/m/n/10.95 Implémenter la ré-ser-va-tion
 []


Underfull \hbox (badness 3343) in paragraph at lines 107--107
[]|\T1/cmr/m/n/10.95 Consulter les ré-ser-va-
 []


Underfull \hbox (badness 1292) in paragraph at lines 107--107
[]|\T1/cmr/m/n/10.95 Implémenter la consul-ta-tion
 []


Underfull \hbox (badness 10000) in paragraph at lines 107--107
[]|\T1/cmr/m/n/10.95 Consulter les sta-tis-
 []


Underfull \hbox (badness 4647) in paragraph at lines 107--107
[]|\T1/cmr/m/n/10.95 Implémenter l'af-fi-chage des
 []


Underfull \hbox (badness 10000) in paragraph at lines 107--107
[]|\T1/cmr/m/n/10.95 Implémenter l'af-fi-chage du
 []


Underfull \hbox (badness 1888) in paragraph at lines 107--107
[]|\T1/cmr/m/n/10.95 Implémenter la ges-tion des
 []


Underfull \hbox (badness 10000) in paragraph at lines 107--107
[]|\T1/cmr/m/n/10.95 Consulter les sta-tis-
 []


Underfull \hbox (badness 4647) in paragraph at lines 107--107
[]|\T1/cmr/m/n/10.95 Implémenter l'af-fi-chage des
 []

[93




] [94]
<Chapitres/figures/proto_reservation.png, id=1778, 761.84625pt x 541.27219pt>
File: Chapitres/figures/proto_reservation.png Graphic file (type png)
<use Chapitres/figures/proto_reservation.png>
Package pdftex.def Info: Chapitres/figures/proto_reservation.png  used on input
 line 119.
(pdftex.def)             Requested size: 330.05322pt x 234.49344pt.
<Chapitres/figures/proto_dashboard.png, id=1779, 362.85562pt x 253.69781pt>
File: Chapitres/figures/proto_dashboard.png Graphic file (type png)
<use Chapitres/figures/proto_dashboard.png>
Package pdftex.def Info: Chapitres/figures/proto_dashboard.png  used on input l
ine 126.
(pdftex.def)             Requested size: 330.05322pt x 230.76859pt.
 [95 <./Chapitres/figures/proto_reservation.png> <./Chapitres/figures/proto_das
hboard.png>]
<Chapitres/figures/diag_cas_sprint2.png, id=1786, 350.96118pt x 272.81924pt>
File: Chapitres/figures/diag_cas_sprint2.png Graphic file (type png)
<use Chapitres/figures/diag_cas_sprint2.png>
Package pdftex.def Info: Chapitres/figures/diag_cas_sprint2.png  used on input 
line 147.
(pdftex.def)             Requested size: 330.05322pt x 256.57916pt.
 [96 <./Chapitres/figures/diag_cas_sprint2.png>]
<Chapitres/Figures/Diag_seq_consulter_act.png, id=1793, 1350.04375pt x 977.6525
pt>
File: Chapitres/Figures/Diag_seq_consulter_act.png Graphic file (type png)
<use Chapitres/Figures/Diag_seq_consulter_act.png>
Package pdftex.def Info: Chapitres/Figures/Diag_seq_consulter_act.png  used on 
input line 198.
(pdftex.def)             Requested size: 412.56496pt x 298.7579pt.
 [97]
<Chapitres/Figures/Diag_seq_chatbot.png, id=1798, 652.68843pt x 456.65607pt>
File: Chapitres/Figures/Diag_seq_chatbot.png Graphic file (type png)
<use Chapitres/Figures/Diag_seq_chatbot.png>
Package pdftex.def Info: Chapitres/Figures/Diag_seq_chatbot.png  used on input 
line 239.
(pdftex.def)             Requested size: 412.56496pt x 288.66339pt.

[98 <./Chapitres/Figures/Diag_seq_consulter_act.png>]
Underfull \hbox (badness 3058) in paragraph at lines 274--274
[]|\T1/cmr/m/n/10.95 Enchaînement prin-
 []


Underfull \hbox (badness 3514) in paragraph at lines 279--279
[]|\T1/cmr/bx/n/10.95 Scénario al-ter-na-
 []

[99 <./Chapitres/Figures/Diag_seq_chatbot.png>]
<Chapitres/figures/diag_seq_voir_score_client.png, id=1809, 657.2053pt x 469.30
331pt>
File: Chapitres/figures/diag_seq_voir_score_client.png Graphic file (type png)
<use Chapitres/figures/diag_seq_voir_score_client.png>
Package pdftex.def Info: Chapitres/figures/diag_seq_voir_score_client.png  used
 on input line 290.
(pdftex.def)             Requested size: 412.56496pt x 294.60997pt.
 [100]
Underfull \hbox (badness 3058) in paragraph at lines 329--329
[]|\T1/cmr/m/n/10.95 Enchaînement prin-
 []


Underfull \hbox (badness 3514) in paragraph at lines 340--340
[]|\T1/cmr/bx/n/10.95 Scénario al-ter-na-
 []

[101 <./Chapitres/figures/diag_seq_voir_score_client.png>]
<Chapitres/figures/Diag_seq_effectuer_reservation.png, id=1819, 756.12488pt x 7
25.86182pt>
File: Chapitres/figures/Diag_seq_effectuer_reservation.png Graphic file (type p
ng)
<use Chapitres/figures/Diag_seq_effectuer_reservation.png>
Package pdftex.def Info: Chapitres/figures/Diag_seq_effectuer_reservation.png  
used on input line 355.
(pdftex.def)             Requested size: 412.56496pt x 396.05756pt.
 [102]
Underfull \hbox (badness 3058) in paragraph at lines 388--388
[]|\T1/cmr/m/n/10.95 Enchaînement prin-
 []


Underfull \hbox (badness 3514) in paragraph at lines 395--395
[]|\T1/cmr/bx/n/10.95 Scénario al-ter-na-
 []

[103 <./Chapitres/figures/Diag_seq_effectuer_reservation.png>]
<Chapitres/figures/diag_seq_consulter_reservations_en_cours.png, id=1830, 672.1
11pt x 451.23581pt>
File: Chapitres/figures/diag_seq_consulter_reservations_en_cours.png Graphic fi
le (type png)
<use Chapitres/figures/diag_seq_consulter_reservations_en_cours.png>
Package pdftex.def Info: Chapitres/figures/diag_seq_consulter_reservations_en_c
ours.png  used on input line 406.
(pdftex.def)             Requested size: 412.56496pt x 276.98854pt.
 [104]
Underfull \hbox (badness 3058) in paragraph at lines 444--444
[]|\T1/cmr/m/n/10.95 Enchaînement prin-
 []


Underfull \hbox (badness 3514) in paragraph at lines 453--453
[]|\T1/cmr/bx/n/10.95 Scénario al-ter-na-
 []

[105 <./Chapitres/figures/diag_seq_consulter_reservations_en_cours.png>]
<Chapitres/figures/seq_traiter_reservation.png, id=1840, 1003.64963pt x 508.148
44pt>
File: Chapitres/figures/seq_traiter_reservation.png Graphic file (type png)
<use Chapitres/figures/seq_traiter_reservation.png>
Package pdftex.def Info: Chapitres/figures/seq_traiter_reservation.png  used on
 input line 464.
(pdftex.def)             Requested size: 412.56496pt x 208.88496pt.

[106]
Underfull \hbox (badness 3058) in paragraph at lines 496--496
[]|\T1/cmr/m/n/10.95 Enchaînement prin-
 []


Underfull \hbox (badness 3514) in paragraph at lines 502--502
[]|\T1/cmr/bx/n/10.95 Scénario al-ter-na-
 []

[107 <./Chapitres/figures/seq_traiter_reservation.png>]
<Chapitres/figures/seq_stats_agence.png, id=1850, 759.28668pt x 508.60013pt>
File: Chapitres/figures/seq_stats_agence.png Graphic file (type png)
<use Chapitres/figures/seq_stats_agence.png>
Package pdftex.def Info: Chapitres/figures/seq_stats_agence.png  used on input 
line 513.
(pdftex.def)             Requested size: 412.56496pt x 276.3473pt.
 [108]
Underfull \hbox (badness 3058) in paragraph at lines 549--549
[]|\T1/cmr/m/n/10.95 Enchaînement prin-
 []


Underfull \hbox (badness 3514) in paragraph at lines 558--558
[]|\T1/cmr/bx/n/10.95 Scénario al-ter-na-
 []

[109 <./Chapitres/figures/seq_stats_agence.png>]
<Chapitres/figures/seq_gerer_messages.png, id=1861, 790.00143pt x 557.38237pt>
File: Chapitres/figures/seq_gerer_messages.png Graphic file (type png)
<use Chapitres/figures/seq_gerer_messages.png>
Package pdftex.def Info: Chapitres/figures/seq_gerer_messages.png  used on inpu
t line 569.
(pdftex.def)             Requested size: 412.56496pt x 291.09073pt.
 [110]
Underfull \hbox (badness 5563) in paragraph at lines 600--601
[]|\T1/cmr/m/n/10.95 Les in-di-ca-teurs glo-baux sont af-fi-chés (nombre to-tal

 []


Underfull \hbox (badness 3058) in paragraph at lines 602--602
[]|\T1/cmr/m/n/10.95 Enchaînement prin-
 []


Underfull \hbox (badness 3514) in paragraph at lines 609--609
[]|\T1/cmr/bx/n/10.95 Scénario al-ter-na-
 []

[111 <./Chapitres/figures/seq_gerer_messages.png>]
<Chapitres/figures/seq_stats_admin.png, id=1871, 775.54744pt x 512.66531pt>
File: Chapitres/figures/seq_stats_admin.png Graphic file (type png)
<use Chapitres/figures/seq_stats_admin.png>
Package pdftex.def Info: Chapitres/figures/seq_stats_admin.png  used on input l
ine 620.
(pdftex.def)             Requested size: 412.56496pt x 272.72043pt.
 [112]
<Chapitres/figures/Diag_classe_sprint_2.png, id=1876, 940.41338pt x 732.18544pt
>
File: Chapitres/figures/Diag_classe_sprint_2.png Graphic file (type png)
<use Chapitres/figures/Diag_classe_sprint_2.png>
Package pdftex.def Info: Chapitres/figures/Diag_classe_sprint_2.png  used on in
put line 632.
(pdftex.def)             Requested size: 412.56496pt x 321.21295pt.
 [113 <./Chapitres/figures/seq_stats_admin.png>]
<Chapitres/Figures/classes_participantes__utilisateur_s2.png, id=1882, 1826.825
pt x 271.0125pt>
File: Chapitres/Figures/classes_participantes__utilisateur_s2.png Graphic file 
(type png)
<use Chapitres/Figures/classes_participantes__utilisateur_s2.png>
Package pdftex.def Info: Chapitres/Figures/classes_participantes__utilisateur_s
2.png  used on input line 654.
(pdftex.def)             Requested size: 412.56496pt x 61.20262pt.
 [114 <./Chapitres/figures/Diag_classe_sprint_2.png>]
<Chapitres/Figures/classes_participantes__client_s2.png, id=1889, 785.93625pt x
 256.5585pt>
File: Chapitres/Figures/classes_participantes__client_s2.png Graphic file (type
 png)
<use Chapitres/Figures/classes_participantes__client_s2.png>
Package pdftex.def Info: Chapitres/Figures/classes_participantes__client_s2.png
  used on input line 663.
(pdftex.def)             Requested size: 412.56496pt x 134.67957pt.
<Chapitres/Figures/classes_participantes__agence_s2.png, id=1890, 785.93625pt x
 215.90663pt>
File: Chapitres/Figures/classes_participantes__agence_s2.png Graphic file (type
 png)
<use Chapitres/Figures/classes_participantes__agence_s2.png>
Package pdftex.def Info: Chapitres/Figures/classes_participantes__agence_s2.png
  used on input line 672.
(pdftex.def)             Requested size: 412.56496pt x 113.33948pt.
<Chapitres/Figures/classes_participantes__admin_s2.png, id=1891, 785.93625pt x 
236.23256pt>
File: Chapitres/Figures/classes_participantes__admin_s2.png Graphic file (type 
png)
<use Chapitres/Figures/classes_participantes__admin_s2.png>
Package pdftex.def Info: Chapitres/Figures/classes_participantes__admin_s2.png 
 used on input line 681.
(pdftex.def)             Requested size: 412.56496pt x 124.00952pt.

[115 <./Chapitres/Figures/classes_participantes__utilisateur_s2.png> <./Chapitr
es/Figures/classes_participantes__client_s2.png> <./Chapitres/Figures/classes_p
articipantes__agence_s2.png>]
<Chapitres/figures/diag_seq_det/seq_det_s2/seq_det_score_client.png, id=1899, 3
40.27126pt x 182.18062pt>
File: Chapitres/figures/diag_seq_det/seq_det_s2/seq_det_score_client.png Graphi
c file (type png)
<use Chapitres/figures/diag_seq_det/seq_det_s2/seq_det_score_client.png>
Package pdftex.def Info: Chapitres/figures/diag_seq_det/seq_det_s2/seq_det_scor
e_client.png  used on input line 697.
(pdftex.def)             Requested size: 350.68272pt x 187.76486pt.
<Chapitres/figures/diag_seq_det/seq_det_s2/seq_det_effectuer_reservation.png, i
d=1900, 481.8pt x 304.13625pt>
File: Chapitres/figures/diag_seq_det/seq_det_s2/seq_det_effectuer_reservation.p
ng Graphic file (type png)
<use Chapitres/figures/diag_seq_det/seq_det_s2/seq_det_effectuer_reservation.pn
g>
Package pdftex.def Info: Chapitres/figures/diag_seq_det/seq_det_s2/seq_det_effe
ctuer_reservation.png  used on input line 710.
(pdftex.def)             Requested size: 391.93544pt x 247.41637pt.
 [116 <./Chapitres/Figures/classes_participantes__admin_s2.png> <./Chapitres/fi
gures/diag_seq_det/seq_det_s2/seq_det_score_client.png>]
<Chapitres/figures/diag_seq_det/seq_det_s2/seq_det_consulter_reservation.png, i
d=1907, 424.58624pt x 183.68625pt>
File: Chapitres/figures/diag_seq_det/seq_det_s2/seq_det_consulter_reservation.p
ng Graphic file (type png)
<use Chapitres/figures/diag_seq_det/seq_det_s2/seq_det_consulter_reservation.pn
g>
Package pdftex.def Info: Chapitres/figures/diag_seq_det/seq_det_s2/seq_det_cons
ulter_reservation.png  used on input line 719.
(pdftex.def)             Requested size: 371.30594pt x 160.64377pt.
 [117 <./Chapitres/figures/diag_seq_det/seq_det_s2/seq_det_effectuer_reservatio
n.png>]
<Chapitres/figures/diag_seq_det/seq_det_s2/seq_det_traiter_reservations.png, id
=1913, 436.63126pt x 268.00125pt>
File: Chapitres/figures/diag_seq_det/seq_det_s2/seq_det_traiter_reservations.pn
g Graphic file (type png)
<use Chapitres/figures/diag_seq_det/seq_det_s2/seq_det_traiter_reservations.png
>
Package pdftex.def Info: Chapitres/figures/diag_seq_det/seq_det_s2/seq_det_trai
ter_reservations.png  used on input line 732.
(pdftex.def)             Requested size: 391.93544pt x 240.56912pt.
 [118 <./Chapitres/figures/diag_seq_det/seq_det_s2/seq_det_consulter_reservatio
n.png>]
<Chapitres/figures/diag_seq_det/seq_det_s2/seq_det_stat_agence.png, id=1919, 27
4.02374pt x 245.41687pt>
File: Chapitres/figures/diag_seq_det/seq_det_s2/seq_det_stat_agence.png Graphic
 file (type png)
<use Chapitres/figures/diag_seq_det/seq_det_s2/seq_det_stat_agence.png>
Package pdftex.def Info: Chapitres/figures/diag_seq_det/seq_det_s2/seq_det_stat
_agence.png  used on input line 741.
(pdftex.def)             Requested size: 350.68272pt x 314.0988pt.
 [119 <./Chapitres/figures/diag_seq_det/seq_det_s2/seq_det_traiter_reservations
.png>]
<Chapitres/figures/diag_seq_det/seq_det_s2/seq_det_gerer_messages.png, id=1925,
 386.94562pt x 271.76532pt>
File: Chapitres/figures/diag_seq_det/seq_det_s2/seq_det_gerer_messages.png Grap
hic file (type png)
<use Chapitres/figures/diag_seq_det/seq_det_s2/seq_det_gerer_messages.png>
Package pdftex.def Info: Chapitres/figures/diag_seq_det/seq_det_s2/seq_det_gere
r_messages.png  used on input line 754.
(pdftex.def)             Requested size: 371.30594pt x 260.78392pt.
 [120 <./Chapitres/figures/diag_seq_det/seq_det_s2/seq_det_stat_agence.png>]
<Chapitres/figures/diag_seq_det/seq_det_s2/seq_det_stat_admin.png, id=1932, 376
.40625pt x 185.94469pt>
File: Chapitres/figures/diag_seq_det/seq_det_s2/seq_det_stat_admin.png Graphic 
file (type png)
<use Chapitres/figures/diag_seq_det/seq_det_s2/seq_det_stat_admin.png>
Package pdftex.def Info: Chapitres/figures/diag_seq_det/seq_det_s2/seq_det_stat
_admin.png  used on input line 763.
(pdftex.def)             Requested size: 350.68272pt x 173.2502pt.
 [121 <./Chapitres/figures/diag_seq_det/seq_det_s2/seq_det_gerer_messages.png>]
File: Chapitres/figures/Diag_classe_sprint_2.png Graphic file (type png)
<use Chapitres/figures/Diag_classe_sprint_2.png>
Package pdftex.def Info: Chapitres/figures/Diag_classe_sprint_2.png  used on in
put line 775.
(pdftex.def)             Requested size: 412.56496pt x 321.21295pt.
 [122 <./Chapitres/figures/diag_seq_det/seq_det_s2/seq_det_stat_admin.png>]
Underfull \hbox (badness 1152) in paragraph at lines 830--830
[]|\T1/cmr/m/n/10.95 Montant re-mise ap-pli-
 []

[123]
Underfull \hbox (badness 5022) in paragraph at lines 876--876
[]|\T1/cmr/m/n/10.95 Identifiant unique du
 []


Underfull \hbox (badness 10000) in paragraph at lines 876--876
[]|\T1/cmr/m/n/10.95 Réponse de l'ad-min
 []

[124]
Underfull \hbox (badness 5022) in paragraph at lines 921--921
[]|\T1/cmr/m/n/10.95 Identifiant unique du
 []


Overfull \hbox (3.33586pt too wide) in paragraph at lines 926--927
[]\T1/cmr/m/n/10.95 Nous pré-sen-tons dans cette sec-tion les in-ter-faces gra-
phiques dé-ve-lop-pées lors du deuxième
 []

[125]
<Chapitres/Figures/inter_contact.png, id=1955, 1431.09656pt x 684.30656pt>
File: Chapitres/Figures/inter_contact.png Graphic file (type png)
<use Chapitres/Figures/inter_contact.png>
Package pdftex.def Info: Chapitres/Figures/inter_contact.png  used on input lin
e 933.
(pdftex.def)             Requested size: 371.30594pt x 177.55005pt.
<Chapitres/Figures/inter_reservation.png, id=1956, 1428.83812pt x 683.55376pt>
File: Chapitres/Figures/inter_reservation.png Graphic file (type png)
<use Chapitres/Figures/inter_reservation.png>
Package pdftex.def Info: Chapitres/Figures/inter_reservation.png  used on input
 line 943.
(pdftex.def)             Requested size: 371.30594pt x 177.62592pt.
<Chapitres/Figures/inter_statsglobal.png, id=1957, 1429.59094pt x 683.55376pt>
File: Chapitres/Figures/inter_statsglobal.png Graphic file (type png)
<use Chapitres/Figures/inter_statsglobal.png>
Package pdftex.def Info: Chapitres/Figures/inter_statsglobal.png  used on input
 line 953.
(pdftex.def)             Requested size: 371.30594pt x 177.53204pt.
 [126 <./Chapitres/Figures/inter_contact.png> <./Chapitres/Figures/inter_reserv
ation.png>]
<Chapitres/figures/score_test.png, id=1965, 670.75594pt x 660.21657pt>
File: Chapitres/figures/score_test.png Graphic file (type png)
<use Chapitres/figures/score_test.png>
Package pdftex.def Info: Chapitres/figures/score_test.png  used on input line 9
75.
(pdftex.def)             Requested size: 371.30594pt x 365.46748pt.
 [127 <./Chapitres/Figures/inter_statsglobal.png>]) [128 <./Chapitres/figures/s
core_test.png>]
\openout2 = `Chapitres/Chapitre5.aux'.

 (Chapitres/Chapitre5.tex
Chapitre 5.
<Chapitres/Figures/Laravel-Logo.png, id=1977, 3011.25pt x 2007.5pt>
File: Chapitres/Figures/Laravel-Logo.png Graphic file (type png)
<use Chapitres/Figures/Laravel-Logo.png>
Package pdftex.def Info: Chapitres/Figures/Laravel-Logo.png  used on input line
 36.
(pdftex.def)             Requested size: 29.86613pt x 19.91684pt.
<Chapitres/Figures/React-logo.png, id=1978, 863.225pt x 820.06375pt>
File: Chapitres/Figures/React-logo.png Graphic file (type png)
<use Chapitres/Figures/React-logo.png>
Package pdftex.def Info: Chapitres/Figures/React-logo.png  used on input line 3
8.
(pdftex.def)             Requested size: 20.95622pt x 19.91684pt.
<Chapitres/Figures/Mysql-logo.png, id=1979, 803.0pt x 803.0pt>
File: Chapitres/Figures/Mysql-logo.png Graphic file (type png)
<use Chapitres/Figures/Mysql-logo.png>
Package pdftex.def Info: Chapitres/Figures/Mysql-logo.png  used on input line 4
0.
(pdftex.def)             Requested size: 19.91075pt x 19.91684pt.
<Chapitres/Figures/vite-logo.png, id=1980, 360.34625pt x 361.35pt>
File: Chapitres/Figures/vite-logo.png Graphic file (type png)
<use Chapitres/Figures/vite-logo.png>
Package pdftex.def Info: Chapitres/Figures/vite-logo.png  used on input line 42
.
(pdftex.def)             Requested size: 19.86034pt x 19.91684pt.
<Chapitres/Figures/Tailwind-logo.png, id=1981, 361.35pt x 216.81pt>
File: Chapitres/Figures/Tailwind-logo.png Graphic file (type png)
<use Chapitres/Figures/Tailwind-logo.png>
Package pdftex.def Info: Chapitres/Figures/Tailwind-logo.png  used on input lin
e 44.
(pdftex.def)             Requested size: 33.19276pt x 19.91684pt.

Overfull \hbox (6.76123pt too wide) in paragraph at lines 32--47
 [][] 
 []

[129




]
<Chapitres/Figures/lucid-logo.png, id=1986, 332.24126pt x 351.3125pt>
File: Chapitres/Figures/lucid-logo.png Graphic file (type png)
<use Chapitres/Figures/lucid-logo.png>
Package pdftex.def Info: Chapitres/Figures/lucid-logo.png  used on input line 6
5.
(pdftex.def)             Requested size: 18.83351pt x 19.91684pt.
<Chapitres/Figures/vscode-logo.png, id=1987, 513.92pt x 513.92pt>
File: Chapitres/Figures/vscode-logo.png Graphic file (type png)
<use Chapitres/Figures/vscode-logo.png>
Package pdftex.def Info: Chapitres/Figures/vscode-logo.png  used on input line 
67.
(pdftex.def)             Requested size: 19.91026pt x 19.91684pt.
<Chapitres/Figures/overleaf-logo.png, id=1988, 182.18062pt x 208.27812pt>
File: Chapitres/Figures/overleaf-logo.png Graphic file (type png)
<use Chapitres/Figures/overleaf-logo.png>
Package pdftex.def Info: Chapitres/Figures/overleaf-logo.png  used on input lin
e 69.
(pdftex.def)             Requested size: 17.41852pt x 19.91684pt.
<Chapitres/Figures/teams-logo.png, id=1989, 1003.75pt x 1003.75pt>
File: Chapitres/Figures/teams-logo.png Graphic file (type png)
<use Chapitres/Figures/teams-logo.png>
Package pdftex.def Info: Chapitres/Figures/teams-logo.png  used on input line 7
1.
(pdftex.def)             Requested size: 19.91075pt x 19.91684pt.
<Chapitres/Figures/XAMPP-logo.png, id=1990, 224.84pt x 225.84375pt>
File: Chapitres/Figures/XAMPP-logo.png Graphic file (type png)
<use Chapitres/Figures/XAMPP-logo.png>
Package pdftex.def Info: Chapitres/Figures/XAMPP-logo.png  used on input line 7
3.
(pdftex.def)             Requested size: 19.82646pt x 19.91684pt.
<Chapitres/Figures/phpmyadmin-logo.png, id=1991, 863.225pt x 513.92pt>
File: Chapitres/Figures/phpmyadmin-logo.png Graphic file (type png)
<use Chapitres/Figures/phpmyadmin-logo.png>
Package pdftex.def Info: Chapitres/Figures/phpmyadmin-logo.png  used on input l
ine 75.
(pdftex.def)             Requested size: 33.44302pt x 19.91684pt.
<Chapitres/Figures/github-logo.png, id=1992, 1204.5pt x 632.3625pt>
File: Chapitres/Figures/github-logo.png Graphic file (type png)
<use Chapitres/Figures/github-logo.png>
Package pdftex.def Info: Chapitres/Figures/github-logo.png  used on input line 
77.
(pdftex.def)             Requested size: 37.93459pt x 19.91684pt.

Overfull \hbox (21.06189pt too wide) in paragraph at lines 61--80
 [][] 
 []

[130 <./Chapitres/Figures/Laravel-Logo.png> <./Chapitres/Figures/React-logo.png
> <./Chapitres/Figures/Mysql-logo.png> <./Chapitres/Figures/vite-logo.png> <./C
hapitres/Figures/Tailwind-logo.png>] [131 <./Chapitres/Figures/lucid-logo.png> 
<./Chapitres/Figures/vscode-logo.png> <./Chapitres/Figures/overleaf-logo.png> <
./Chapitres/Figures/teams-logo.png> <./Chapitres/Figures/XAMPP-logo.png> <./Cha
pitres/Figures/phpmyadmin-logo.png> <./Chapitres/Figures/github-logo.png>])
[132]
\openout2 = `Chapitres/Conclusion.aux'.

 (Chapitres/Conclusion.tex) [133




]
\openout2 = `Chapitres/Webographie.aux'.


No file Chapitres/Webographie.tex.

Package biblatex Warning: Split bibliography detected.
(biblatex)                Many simple split bibliography setups with
(biblatex)                non-overlapping bibliographies benefit from
(biblatex)                setting 'defernumbers=true'.
(biblatex)                See the documentation for details.
(biblatex)                This warning can be suppressed with
(biblatex)                '\BiblatexSplitbibDefernumbersWarningOff'.


LaTeX Warning: Empty bibliography on input line 124.


Package biblatex Warning: Split bibliography detected.
(biblatex)                Many simple split bibliography setups with
(biblatex)                non-overlapping bibliographies benefit from
(biblatex)                setting 'defernumbers=true'.
(biblatex)                See the documentation for details.
(biblatex)                This warning can be suppressed with
(biblatex)                '\BiblatexSplitbibDefernumbersWarningOff'.

[134






]
Overfull \hbox (3.09662pt too wide) in paragraph at lines 125--125
[][]\T1/cmr/m/sc/10.95 Cybermedian[]\T1/cmr/m/n/10.95 . \T1/cmr/m/it/10.95 de-t
ails se-quence dia-gram\T1/cmr/m/n/10.95 . 2012. \T1/cmr/m/sc/10.95 url \T1/cmr
/m/n/10.95 : []$\T1/cmtt/m/n/10.95 https : / / www . cybermedian .
 []

[135]
Overfull \hbox (5.6343pt too wide) in paragraph at lines 125--125
[][]\T1/cmr/m/sc/10.95 scrumguides[]\T1/cmr/m/n/10.95 . \T1/cmr/m/it/10.95 Scru
m\T1/cmr/m/n/10.95 . 2016. \T1/cmr/m/sc/10.95 url \T1/cmr/m/n/10.95 : []$\T1/cm
tt/m/n/10.95 https : / / scrumguides . org / docs / scrumguide /
 []

Package minitoc Info: I0009
(minitoc)             Listing minitoc auxiliary files. 
(minitoc)             Creating the Thesis-report.maf file.
\openout4 = `Thesis-report.maf'.


Package minitoc(hints) Warning: W0078
(minitoc(hints))                You have used \dominitoc, 
(minitoc(hints))                but not \minitoc.

Package minitoc(hints) Info: I0053
(minitoc(hints))             You have loaded the float package; 
(minitoc(hints))             please be aware that the minitoc package 
(minitoc(hints))             facilities can not be used for new types 
(minitoc(hints))             of floats defined by the float package.

Package minitoc(hints) Warning: W0024
(minitoc(hints))                Some hints have been written 
(minitoc(hints))                in the Thesis-report.log file.

[136] (Thesis-report.aux (Chapitres/Declaration.aux) (Chapitres/dedication.aux)
(Chapitres/Acknowledgements.aux) (Chapitres/Abstract.aux)
(Chapitres/Introduction.aux) (Chapitres/Chapitre1.aux
\renewcommand {\insertminitoc }{}
) (Chapitres/Chapitre2.aux) (Chapitres/Chapitre3.aux) (Chapitres/Chapitre4.aux)
(Chapitres/Chapitre5.aux) (Chapitres/Conclusion.aux) (Chapitres/Webographie.aux
))
 ***********
LaTeX2e <2025-11-01>
L3 programming layer <2026-01-19>
 ***********
Package rerunfilecheck Info: File `Thesis-report.out' has not changed.
(rerunfilecheck)             Checksum: 6B658F25C4D0A78FAF4DB186D31ACC26;46615.
Package logreq Info: Writing requests to 'Thesis-report.run.xml'.
\openout1 = `Thesis-report.run.xml'.

 ) 
Here is how much of TeX's memory you used:
 41519 strings out of 467867
 818210 string characters out of 5418334
 1646745 words of memory out of 5000000
 69221 multiletter control sequences out of 15000+600000
 647419 words of font info for 82 fonts, out of 8000000 for 9000
 1141 hyphenation exceptions out of 8191
 102i,17n,108p,1211b,3177s stack positions out of 10000i,1000n,20000p,200000b,200000s
 <C:\Users\ouech\AppData\Local\MiKTeX\fonts/pk/ljfour/jknappen/ec/dpi600\ectt
1095.pk> <C:\Users\ouech\AppData\Local\MiKTeX\fonts/pk/ljfour/jknappen/ec/dpi60
0\ecbx1200.pk> <C:\Users\ouech\AppData\Local\MiKTeX\fonts/pk/ljfour/jknappen/ec
/dpi600\eccc1095.pk> <C:\Users\ouech\AppData\Local\MiKTeX\fonts/pk/ljfour/jknap
pen/ec/dpi600\ecbi1095.pk> <C:\Users\ouech\AppData\Local\MiKTeX\fonts/pk/ljfour
/jknappen/ec/dpi600\ecti1095.pk> <C:\Users\ouech\AppData\Local\MiKTeX\fonts/pk/
ljfour/jknappen/ec/dpi600\ecbx1440.pk> <C:\Users\ouech\AppData\Local\MiKTeX\fon
ts/pk/ljfour/jknappen/ec/dpi600\ecrm1000.pk> <C:\Users\ouech\AppData\Local\MiKT
eX\fonts/pk/ljfour/jknappen/ec/dpi600\ecti1000.pk> <C:\Users\ouech\AppData\Loca
l\MiKTeX\fonts/pk/ljfour/jknappen/ec/dpi600\ecti1728.pk> <C:\Users\ouech\AppDat
a\Local\MiKTeX\fonts/pk/ljfour/jknappen/ec/dpi600\ecbx1095.pk> <C:\Users\ouech\
AppData\Local\MiKTeX\fonts/pk/ljfour/jknappen/ec/dpi600\ecrm1095.pk> <C:\Users\
ouech\AppData\Local\MiKTeX\fonts/pk/ljfour/jknappen/ec/dpi600\ecrm2488.pk><C:/U
sers/ouech/AppData/Local/Programs/MiKTeX/fonts/type1/urw/helvetic/uhvr8a.pfb><C
:/Users/ouech/AppData/Local/Programs/MiKTeX/fonts/type1/urw/times/utmr8a.pfb>
Output written on Thesis-report.pdf (137 pages, 9833930 bytes).
PDF statistics:
 2837 PDF objects out of 2984 (max. 8388607)
 456 named destinations out of 1000 (max. 500000)
 1804 words of extra memory for PDF output out of 10000 (max. 10000000)

